tomb,cemetery,cem_condensed,Tomb Type,SM,EPG,MPG,LPG,PGB,EG,MG,LG,EO,LO,start_period,periods_used,start_date,end_date,time_used,century_built,chamber_diameter,chamber_width,chamber_depth,chamber_area,stomion_width,stomion_depth,dromos_length,dromos_width,chamber_burials,dromos_burials,total_burials,pithoi,all_urns,est_burials,gold,iron,bronze,silver,lead,electrum,other_metal,total_metal,bone_ivory,faience_blue,amber,organics,stone,glass_paste,clay,unknown_mat,total_object,adornment,tool,weapon,model,jewellery,strip,sheet,cooking,loom,clothing_armour,scarab,coin,component,seal,ornament,fitting,vessel,unidentified_use,other_use,stirrup_jar,jar,flask,oinochoai,amphora,thelastron,amphoriskos,hydria,pithos,jug_let,olpe,alabastron,lentoid_flask,lekythos,alabastron_aryballos,aryballos,bottle,bird_askos,pyxis,dinos,krater,krateriskos,lekanis,skyphos,bowl,cup,kantharos,plate_tray,kotyle,kalathos,lid,larnax,stand,house_model,kernos,other_vessel,unidentified_vessel,total_open_vessel,total_closed_vessel,total_other_vessel,total_pottery,total_finds,total_import,total_import_imitation,total_imitation,antique,pithoi1100-1050,pithoi1050-1000,pithoi1000-950,pithoi950-900,pithoi900-850,pithoi850-800,pithoi800-750,pithoi750-700,pithoi700-650,pithoi650-600,pots1100-1050,pots1050-1000,pots1000-950,pots950-900,pots900-850,pots850-800,pots800-750,pots750-700,pots700-650,pots650-600,SMpithoi,EPGpithoi,MPGpithoi,LPGpithoi,PGBpithoi,EGpithoi,MGpithoi,LGpithoi,EOpithoi,LOpithoi,SMpots,EPGpots,MPGpots,LPGpots,PGBpots,EGpots,MGpots,LGpots,EOpots,LOpots,1100,1090,1080,1070,1060,1050,1040,1030,1020,1010,1000,990,980,970,960,950,940,930,920,910,900,890,880,870,860,850,840,830,820,810,800,790,780,770,760,750,740,730,720,710,700,690,680,670,660,650,640,630,620,610
1,NC,NC,CT,,,,,,,x,x,x,,MG,MG-EO?,790,670,120,8th,,,,,,,,,,,0,7,7,5,0,1,1,0,0,0,0,2,0,0,0,0,1,0,0,0,3,0,0,1,0,0,0,0,0,0,0,0,0,0,0,0,0,0,0,1,0,0,0,0,0,0,0,0,7,1,0,0,0,2,0,1,0,0,0,0,0,0,0,1,0,1,0,0,0,0,5,0,0,0,0,0,0,2,11,5,18,21,0,0,1,0,0,0,0,0,0,0,1,3,3,0,0,0,0,0,0,0,2,8,7,1,0,0,0,0,0,0,2,2,3,0,0,0,0,0,0,0,4,4,9,1,0,0,0,0,0,0,0,0,0,0,0,0,0,0,0,0,0,0,0,0,0,0,0,0,0,0,0,0,0,0,0,0.694444444,0.694444444,0.694444444,0.694444444,1.176984127,1.65952381,1.65952381,1.65952381,2.016666667,2.016666667,2.016666667,2.016666667,0.25,0.25,0.25,0.25,0,0,0
2,NC,NC,PC,x,,,,,,,,,,SM,SM,1100,970,130,11th,,1.06,1.66,1.7596,,,2,1.32,3,,3,1,1,1.666666667,0,5,1,0,0,0,0,6,1,0,0,1,1,0,0,0,9,2,1,3,0,0,0,0,0,0,0,0,0,0,1,0,0,0,0,0,1,0,0,0,0,0,1,0,1,0,0,0,0,0,0,0,0,0,0,0,0,0,0,0,0,0,0,0,0,0,0,0,0,0,0,0,0,0,3,0,3,11,0,0,0,1,0,1,0,0,0,0,0,0,0,0,0,3,0,0,0,0,0,0,0,0,1,0,0,0,0,0,0,0,0,0,3,0,0,0,0,0,0,0,0,0,0.230769231,0.230769231,0.230769231,0.230769231,0.230769231,0.230769231,0.230769231,0.230769231,0.230769231,0.230769231,0.230769231,0.230769231,0.230769231,0,0,0,0,0,0,0,0,0,0,0,0,0,0,0,0,0,0,0,0,0,0,0,0,0,0,0,0,0,0,0,0,0,0,0,0,0
8,NC,NC,CT,,,,,,,,x,,,LG,LG,745,710,35,8th,1.26,,,,,,1.8,,,,0,2,2,1.666666667,0,0,0,0,0,0,0,0,0,0,0,0,0,0,0,0,0,0,0,0,0,0,0,0,0,0,0,0,0,0,0,0,0,0,0,0,0,0,0,0,0,0,0,0,2,0,0,0,0,0,0,0,0,0,0,0,0,0,0,0,0,0,0,0,0,0,0,0,0,0,0,0,0,0,2,0,2,2,0,0,0,0,0,0,0,0,0,0,0,2,0,0,0,0,0,0,0,0,0,2,0,0,0,0,0,0,0,0,0,2,0,0,0,0,0,0,0,0,0,2,0,0,0,0,0,0,0,0,0,0,0,0,0,0,0,0,0,0,0,0,0,0,0,0,0,0,0,0,0,0,0,0,0,0,0,0,0,0.285714286,0.571428571,0.571428571,0.571428571,0,0,0,0,0,0,0,0,0,0,0
9,NC,NC,PC?,,,,,,,,,,,,,,,0,#N/A,,,,,,,,,,,0,0,0,1,0,0,0,0,0,0,0,0,0,0,0,0,0,0,0,0,0,0,0,0,0,0,0,0,0,0,0,0,0,0,0,0,0,0,0,0,0,0,0,0,0,0,0,0,0,0,0,0,0,0,0,0,0,0,0,0,0,0,0,0,0,0,0,0,0,0,0,0,0,0,0,0,0,0,0,0,0,0,0,0,0,0,0,0,0,0,0,0,0,0,0,0,0,0,0,0,0,0,0,0,0,0,0,0,0,0,0,0,0,0,0,0,0,0,0,0,0,0,0,0,0,0,0,0,0,0,0,0,0,0,0,0,0,0,0,0,0,0,0,0,0,0,0,0,0,0,0,0,0,0,0,0,0,0,0,0,0,0,0,0,0,0,0,0,0,0,0,0,0,0,0,0
13,NC,NC,CT,,,,x,x,x,,,,x,PGB,PGB-LO*,840,630,210,9th,,1,1.44,1.44,0.82,0.3,3.5,1.24,9,,9,10,13,10.66666667,0,1,1,0,0,0,0,2,0,1,0,0,1,0,0,0,4,0,0,1,0,0,0,0,0,1,0,0,0,0,0,0,0,2,0,0,0,0,0,8,2,0,0,1,10,2,0,0,0,0,0,2,0,1,5,0,1,0,0,2,0,0,0,3,0,7,6,0,0,0,0,0,0,13,31,6,50,54,2,0,1,0,0,0,0,0,1,4,1,0,2,2,0,0,0,1,2,18,17,1,6,5,0,0,1,0,4,1,0,0,2,2,0,1,1,2,17,16,1,0,6,6,0,0,0,0,0,0,0,0,0,0,0.076923077,0.076923077,0.076923077,0.143589744,0.143589744,0.143589744,0.143589744,0.143589744,0.143589744,0.143589744,0.143589744,0.143589744,0.363369963,0.506227106,0.506227106,0.506227106,5.087179487,5.087179487,5.020512821,9.353846154,9.353846154,0.153846154,0.153846154,0.153846154,0.153846154,0.076923077,0,0,0.333333333,1.708333333,1.708333333,1.375,1.375,1.375,1.375,1.375,1.375,0,0,0
14,NC,NC,CT,,,,,,,,x,x,x,LG,LG-LO,745,630,115,8th,,1,1.38,1.38,,,2.01,0.8,9,,9,7,7,7.666666667,0,3,1,0,0,0,0,4,0,0,0,0,2,2,0,0,8,1,3,0,0,2,0,0,0,1,0,0,0,0,0,0,0,0,0,1,0,0,0,0,0,0,0,1,7,1,0,0,0,3,0,9,0,1,0,0,0,0,1,4,0,4,0,2,1,0,12,0,0,0,0,1,0,12,22,13,47,55,2,0,2,0,0,0,0,0,0,0,0,1,5,1,0,0,0,0,0,0,0,7,35,5,0,0,0,0,0,0,0,0,5,2,0,0,0,0,0,0,0,5,32,10,0,0,0,0,0,0,0,0,0,0,0,0,0,0,0,0,0,0,0,0,0,0,0,0,0,0,0,0,0,0,0,0,0,0,0,0.847619048,1.695238095,1.695238095,1.695238095,8.391666667,8.391666667,8.391666667,8.391666667,1.875,1.875,1.875,1.875,0,0,0
16,NC,NC,CT,x,,,,,,,,,,SM,SM,1100,970,130,11th,,1.3,1.2,1.56,0.94,,2.2,1.14,,,0,0,0,1,0,1,0,0,0,0,0,1,0,0,0,0,1,0,0,0,2,0,1,0,0,0,0,0,0,0,0,0,0,0,0,0,0,0,0,1,1,0,0,0,0,0,0,0,0,0,0,0,0,0,0,0,0,0,0,0,0,0,0,0,0,2,0,0,0,0,0,0,0,0,0,0,0,2,1,0,3,5,0,0,0,0,0,0,0,0,0,0,0,0,0,0,0,1,0,0,0,0,1,0,1,0,0,0,0,0,0,0,0,0,0,0,1,0,0,0,0,0,1,0,0,1,0.076923077,0.076923077,0.076923077,0.076923077,0.076923077,0.076923077,0.076923077,0.076923077,0.076923077,0.076923077,0.076923077,0.076923077,0.076923077,0,0,0,0,0,0,0,0,0,0,0,0,0,0,0,0,0.153846154,0.153846154,0.153846154,0.153846154,0.153846154,0.153846154,0.076923077,0,0,0,0.125,0.125,0.125,0.125,0.125,0.125,0.125,0.125,0,0,0
18,NC,NC,CT,x,,,,x,x,x,,,,SM,SM-MG*,1100,745,355,11th,,1.3,1.7,2.21,0.7,,4.4,1,4,,4,2,3,3,1,1,0,0,0,0,0,2,0,0,4,0,1,1,0,0,8,0,1,0,0,4,0,0,0,0,0,0,0,0,0,2,0,1,0,0,2,0,0,0,1,0,0,1,2,2,1,0,0,0,0,0,0,0,0,0,0,0,0,0,0,4,0,0,0,0,0,1,0,0,0,1,0,4,9,2,15,23,0,0,0,2,0,0,0,0,0,1,1,0,0,0,0,3,0,0,0,5,6,0,0,0,0,0,0,0,1,1,0,0,0,0,3,0,0,1,4,3,3,0,0,0,0.166666667,0.166666667,0.166666667,0.166666667,0.166666667,0.166666667,0.166666667,0.166666667,0.166666667,0.166666667,0.166666667,0.166666667,0.166666667,0.166666667,0.166666667,0.166666667,0.166666667,0.166666667,0,0,0,0,0.076923077,0.153846154,0.153846154,0.153846154,1.220512821,1.220512821,1.220512821,2.361538462,2.361538462,0.461538462,0.461538462,0.461538462,0.461538462,0.230769231,0,0,0,0,0,0,0,0,0,0,0,0,0,0
19,NC,NC,CT,,,,,,,,x,x,x,LG,LG-LO,745,630,115,8th,,1.5,1.3,1.95,0.58,0.14,2.3,0.93,6,,6,4,4,4.666666667,0,1,2,0,0,0,0,3,0,0,0,0,0,0,1,0,4,0,0,0,0,1,0,0,0,1,0,0,0,0,0,0,2,0,0,0,0,0,0,2,0,0,0,0,4,1,1,0,0,5,0,3,0,0,1,0,0,0,1,2,0,3,0,0,0,0,5,0,0,0,0,0,0,6,17,5,28,32,0,0,2,0,0,0,0,0,0,0,0,1,3,0,0,0,0,0,0,0,0,14,13,1,0,0,0,0,0,0,0,1,3,0,0,0,0,0,0,0,0,8,19,1,0,0,0,0,0,0,0,0,0,0,0,0,0,0,0,0,0,0,0,0,0,0,0,0,0,0,0,0,0,0,0,0,0,0,0,1.542857143,3.085714286,3.085714286,3.085714286,4.05,4.05,4.05,4.05,0.25,0.25,0.25,0.25,0,0,0
24,NC,NC,CT,x,x,,,,,,,,,SM,SM-EPG,1100,920,180,11th,,1.66,2.1,3.486,0.75,0.3,5.8,1.12,3,,3,3,6,4,0,4,1,0,0,0,0,5,0,0,0,0,3,0,0,0,8,1,0,3,0,0,0,0,1,0,0,0,0,0,0,0,0,1,0,2,1,0,0,0,3,0,0,0,3,0,0,0,0,0,0,0,0,0,0,0,0,0,0,0,0,2,0,1,0,0,0,0,0,0,0,0,0,3,7,0,10,18,1,1,0,0,0,0,0,0,0,0,1,1,1,0,0,3,0,0,0,0,1,3,2,1,0,0,0,0,0,0,1,1,0,1,3,0,0,0,0,0,1,2,1,2,0.166666667,0.166666667,0.166666667,0.166666667,0.166666667,0.166666667,0.166666667,0.166666667,0.166666667,0.166666667,0.166666667,0.166666667,0.166666667,0.166666667,0.166666667,0.166666667,0.166666667,0.166666667,0,0,0,0,0,0,0,0,0,0,0,0,0,0.222222222,0.222222222,0.222222222,0.222222222,0.463492063,0.704761905,0.704761905,0.704761905,0.383333333,0.383333333,0.383333333,0.383333333,0.25,0.25,0.25,0.25,0.333333333,0.333333333,0.333333333
25,NC,NC,CT,x,x,,,,,,,,,SM,SM-EPG,1100,970,130,11th,,1.2,2.1,2.52,0.3,0.8,3.6,1.4,5,,5,1,2,2.666666667,0,2,10,0,0,0,0,12,0,0,0,0,0,0,0,0,12,3,0,1,0,0,0,7,0,0,0,0,0,1,0,0,0,0,0,0,1,0,0,0,1,0,0,0,1,2,0,0,0,0,0,0,0,0,0,0,0,0,0,0,0,1,0,0,0,0,0,0,0,0,0,0,0,1,5,0,6,18,0,0,0,0,0,0,0,0,0,0,0,0,0,1,0,2,0,0,1,0,0,0,1,2,0,0,0,0,0,0,0,0,0,1,2,0,1,0,0,0,0,0,0,3,0.111111111,0.111111111,0.111111111,0.111111111,0.111111111,0.111111111,0.111111111,0.111111111,0.111111111,0.111111111,0.111111111,0.111111111,0.111111111,0.177777778,0.177777778,0.177777778,0.177777778,0.177777778,0.066666667,0.066666667,0.066666667,0.066666667,0.066666667,0.066666667,0.066666667,0.066666667,0.066666667,0.066666667,0,0,0,0,0,0,0,0,0,0,0,0.125,0.125,0.125,0.125,0.625,0.625,0.625,0.625,0,0,0
26,NC,NC,PC?,x,,,,,,,x,x,x,SM,SM-LO*,1100,630,470,11th,,1.6,1.7,2.72,0.96,,,,4,,4,4,4,4,1,1,7,2,0,0,0,11,0,1,0,0,1,0,0,0,13,4,0,1,0,4,0,0,0,0,0,0,0,0,0,0,0,1,0,3,1,0,0,0,0,0,0,0,4,2,0,1,0,1,0,5,0,0,1,0,0,0,0,1,0,1,0,1,0,0,1,0,0,0,0,1,0,3,15,2,20,33,1,0,0,0,0,0,0,0,0,0,0,2,2,0,0,1,0,0,0,0,0,9,5,5,0,0,0,0,0,0,0,2,1,1,1,0,0,0,0,0,1,8,2,8,0.076923077,0.076923077,0.076923077,0.076923077,0.076923077,0.076923077,0.076923077,0.076923077,0.076923077,0.076923077,0.076923077,0.076923077,0.076923077,0,0,0,0,0,0,0,0,0,0,0,0,0,0,0,0,0,0,0.125,0.125,0.125,0.125,1.267857143,2.410714286,2.410714286,2.410714286,0.875,0.875,0.875,0.875,1.625,1.625,1.625,1.625,0,0,0
28,NC,NC,CT,,,,x,x,,,,x,,LPG,LPG-EO*,875,670,205,9th,,2,1.3,2.6,1,0.32,4,1.2,5,,5,2,5,4,0,5,2,0,0,0,0,7,0,0,0,0,0,1,0,0,8,0,0,5,0,0,0,0,0,0,0,0,0,2,0,0,0,1,0,0,0,0,0,2,2,0,0,0,2,0,0,0,0,0,0,1,0,0,2,0,1,0,0,5,0,2,0,0,0,0,2,0,0,0,0,1,0,8,10,2,20,28,1,0,0,0,0,0,0,0,0,2,0,0,0,0,0,0,0,0,3,13,0,0,4,0,0,0,0,1,1,0,0,0,0,0,0,0,0,10,6,0,0,0,3,1,0,0,0,0,0,0,0,0,0,0,0,0,0,0,0,0,0,0,0,0,0.2,0.2,1.024175824,1.848351648,1.848351648,1.648351648,2.81025641,2.81025641,2.81025641,0.4,0.4,0,0,0,0,0,0,0,0,0.875,0.875,0.875,0.875,0.125,0.125,0.125,0.125,0,0,0
30,NC,NC,CT,,,x,x,,,,,x,,MPG,MPG-EO?,920,670,250,10th,,1.3,1.86,2.418,,,5.4,1.14,4,,4,0,3,2.333333333,0,2,2,0,0,0,0,4,0,0,0,0,1,0,1,0,6,1,1,0,0,1,0,0,0,0,0,0,0,1,0,0,0,0,0,2,1,0,0,0,2,0,0,0,0,1,0,0,0,0,0,0,0,0,1,0,1,0,0,1,0,0,0,1,0,0,1,0,0,0,0,0,0,3,5,1,9,15,2,0,0,0,0,0,0,0,0,0,0,0,0,0,0,0,0,0,2,0,0,1,4,2,0,0,0,0,0,0,0,0,0,0,0,0,2,0,0,0,0,1,2,4,0,0,0,0,0,0,0,0,0,0,0,0,0,0.133333333,0.133333333,0.133333333,0.133333333,0.133333333,0.133333333,0.133333333,0.133333333,0.133333333,0.133333333,0.133333333,0.133333333,0.133333333,0.133333333,0.133333333,0,0,0,0,0,0,0,0,0.142857143,0.285714286,0.285714286,1.035714286,0.75,0.75,0.75,0.75,0.75,0.75,0.75,0,0,0
31,NC,NC,LB,,,,,,,x,x,,,MG,MG-LG,790,710,80,8th,,0.5,0.9,0.45,,,,,,,0,0,0,1,0,0,0,0,0,0,0,0,0,0,0,0,1,0,0,0,1,0,0,0,0,1,0,0,0,0,0,0,0,0,0,0,0,0,0,0,0,0,0,1,0,0,0,1,0,2,0,0,0,0,0,0,0,0,1,0,0,0,0,6,0,4,0,1,0,0,0,1,0,0,0,2,0,11,5,3,19,20,2,0,0,1,0,0,0,0,0,0,0,0,0,0,0,0,0,0,0,0,8,10,0,0,0,0,0,0,0,0,0,0,0,0,0,0,0,0,0,0,9,9,0,0,0,0,0,0,0,0,0,0,0,0,0,0,0,0,0,0,0,0,0,0,0,0,0,0,0,0,0,0,0,0.607692308,0.607692308,1.274358974,1.274358974,1.274358974,1.674358974,2.33003663,2.928571429,2.871428571,2.871428571,0.285714286,0,0,0,0,0,0,0,0,0,0
34,NC,NC,CT,,,,,,,,,x,x,EO,EO-LO,710,630,80,8th,,2,1.45,2.9,,,1.2,0.7,10,,10,4,4,6,0,1,13,0,0,0,0,14,0,5,0,1,4,0,0,0,24,1,0,0,0,1,0,8,0,0,0,0,0,1,0,0,0,7,0,2,0,0,0,8,0,0,0,0,4,4,1,0,0,0,0,3,0,0,0,1,0,0,0,1,0,10,0,1,3,0,1,0,0,0,0,1,0,16,20,2,38,62,9,0,0,0,0,0,0,0,0,0,0,0,1,3,0,0,0,0,0,0,0,3,5,30,0,0,0,0,0,0,0,0,0,4,0,0,0,0,0,0,0,0,6,29,0,0,0,0,0,0,0,0,0,0,0,0,0,0,0,0,0,0,0,0,0,0,0,0,0,0,0,0,0,0,0,0,0,0,0,0.086956522,0.173913043,0.173913043,1.316770186,1.566770186,1.566770186,0.566770186,0.566770186,7.066770186,7.066770186,8.59057971,7.923913043,1,0.333333333,0
40,NC,NC,CT,x,,,,,,,x,x,x,SM,SM-LO*,1100,630,470,11th,,1.82,1.78,3.2396,0.96,,4.6,1.4,4,,4,9,11,8,2,7,2,1,0,0,0,12,3,0,0,1,0,0,0,0,16,10,0,0,0,2,0,0,0,0,0,0,0,1,0,1,0,0,0,1,4,0,3,7,2,0,1,0,9,0,0,1,0,2,0,3,0,0,1,0,0,0,0,0,0,6,0,1,1,0,4,0,0,0,0,1,0,8,33,5,46,62,0,0,0,0,0,0,0,0,0,0,0,2,3,4,0,12,0,0,0,0,1,4,7,22,0,0,0,0,0,0,0,1,3,5,12,0,0,0,0,0,1,3,6,24,0.923076923,0.923076923,0.923076923,0.923076923,0.923076923,0.923076923,0.923076923,0.923076923,0.923076923,0.923076923,0.923076923,0.923076923,0.923076923,0,0,0,0,0,0,0,0,0,0,0,0,0,0,0,0,0,0,0.222222222,0.222222222,0.222222222,0.222222222,0.606349206,0.99047619,0.99047619,0.99047619,1.633333333,1.633333333,1.633333333,1.633333333,5.75,5.75,5.75,5.75,0,0,0
44,NC,NC,CT,,,,,,,,,,,,,,,0,#N/A,,1.9,1.6,3.04,,,3.4,1.06,,,0,0,0,1,0,0,0,0,0,0,0,0,0,0,0,0,0,0,0,0,0,0,0,0,0,0,0,0,0,0,0,0,0,0,0,0,0,0,0,0,0,0,0,0,0,0,0,0,0,0,0,0,0,0,0,0,0,0,0,0,0,0,0,0,0,0,0,0,0,0,0,0,0,0,0,0,0,0,0,0,0,0,0,0,0,0,0,0,0,0,0,0,0,0,0,0,0,0,0,0,0,0,0,0,0,0,0,0,0,0,0,0,0,0,0,0,0,0,0,0,0,0,0,0,0,0,0,0,0,0,0,0,0,0,0,0,0,0,0,0,0,0,0,0,0,0,0,0,0,0,0,0,0,0,0,0,0,0,0,0,0,0,0,0,0,0,0,0,0,0,0,0,0,0,0,0
45,NC,NC,CT,,x,,,,,,,,x,EPG,EPG-LO*,970,630,340,10th,,1.8,1.5,2.7,0.25,0.65,3.7,1.36,1,,1,1,3,1.666666667,0,2,5,1,0,0,0,8,0,0,0,0,0,0,0,0,8,2,1,2,0,0,0,1,0,0,0,0,1,1,0,0,0,0,0,0,2,0,0,0,2,0,0,0,1,0,0,0,0,0,0,0,0,0,0,0,0,0,0,1,0,1,0,0,0,0,0,0,0,0,0,0,0,2,5,0,7,15,0,0,0,0,0,0,0,0,0,0,0,0,0,0,0,0,0,4,0,0,0,0,1,1,0,0,0,0,0,0,0,0,0,0,0,4,0,0,0,0,0,0,1,1,0,0,0,0,0,0,0,0,0,0,0,0,0,0.8,0.8,0.8,0.8,0.8,0,0,0,0,0,0,0,0,0,0,0,0,0,0,0,0,0,0,0,0,0,0.25,0.25,0.25,0.25,0.25,0.25,0.25,0.25,0,0,0
48,NC,NC,CT,x,x,,,,,x,x,x,x,SM,SM-LO*,1100,630,470,11th,,2.68,1.65,4.422,,,5.6,1.2,6,,6,4,9,6.333333333,1,3,14,0,0,0,0,18,0,1,0,0,0,0,0,0,19,5,1,2,0,1,0,8,0,0,0,1,0,0,0,1,0,0,0,0,2,0,0,1,4,0,0,0,4,1,0,0,0,0,0,0,0,0,0,0,1,0,0,1,0,1,0,0,0,0,1,0,0,0,0,0,0,3,12,1,16,35,1,0,0,0,0,0,0,3,0,0,0,0,1,0,0,2,0,9,0,0,1,1,1,2,0,3,0,0,0,0,0,0,0,1,2,9,0,0,0,0,1,1,0,3,0.111111111,0.111111111,0.111111111,0.111111111,0.111111111,0.111111111,0.111111111,0.111111111,0.111111111,0.111111111,0.111111111,0.111111111,0.111111111,1.816374269,1.816374269,1.816374269,1.816374269,1.816374269,0.105263158,0.105263158,0.105263158,0.105263158,0.052631579,0,0,0,0,0,0,0,0,0.222222222,0.222222222,0.222222222,0.222222222,0.253968254,0.285714286,0.285714286,0.285714286,0.125,0.125,0.125,0.125,0.625,0.625,0.625,0.625,0,0,0
55,NC,NC,CT,,x,,,,,,,,,EPG,EPG,970,920,50,10th,,1.33,1.2,1.596,,,3,0.86,1,,1,0,0,1,0,0,0,0,0,0,0,0,0,0,0,0,0,0,1,0,1,0,0,0,0,0,0,0,0,0,0,0,0,0,0,0,0,0,0,1,2,0,0,1,0,0,0,0,0,0,0,0,0,0,0,0,0,0,0,0,0,0,0,1,0,0,0,0,0,0,0,0,0,0,0,0,0,1,3,0,4,5,0,0,0,0,0,0,0,0,0,0,0,0,0,0,0,0,0,3,1,0,0,0,0,0,0,0,0,0,0,0,0,0,0,0,0,3,1,0,0,0,0,0,0,0,0,0,0,0,0,0,0,0,0,0,0,0,0,0.666666667,0.666666667,0.666666667,0.666666667,0.666666667,0.066666667,0.066666667,0.066666667,0.066666667,0.066666667,0.066666667,0.066666667,0.066666667,0.066666667,0.066666667,0,0,0,0,0,0,0,0,0,0,0,0,0,0,0,0,0,0,0,0,0,0
56,NC,NC,CT,x,x,,,,,,,x,x,SM,SM-LO*,1100,630,470,11th,,1.7,1.2,2.04,,0.65,2.4,1.3,6,,6,3,6,5,0,3,20,1,0,0,0,24,0,6,0,1,0,0,2,0,33,7,0,1,0,2,1,4,0,0,0,0,0,5,0,0,0,11,0,1,0,0,0,6,2,0,0,0,3,3,1,1,0,1,0,5,0,0,0,3,1,0,0,0,0,1,0,0,3,0,4,1,1,0,0,1,0,8,22,7,37,70,9,0,0,1,0,0,0,0,0,0,0,0,0,3,0,2,0,1,0,0,0,2,2,30,0,0,0,0,0,0,0,0,0,3,2,1,0,0,0,0,0,0,2,29,0.111111111,0.111111111,0.111111111,0.111111111,0.111111111,0.111111111,0.111111111,0.111111111,0.111111111,0.111111111,0.111111111,0.111111111,0.111111111,0.311111111,0.311111111,0.311111111,0.311111111,0.311111111,0,0,0,0,0,0,0,0,0,0,0,0,0,0,0,0,0,0,0,0,0.666666667,0.791666667,0.93452381,0.267857143,0.267857143,6.767857143,6.767857143,7.93452381,8.267857143,1,0.333333333,0
57,NC,NC,U,,,,,,,,,,x,LO,LO,670,630,40,7th,,1.55,1.1,1.705,,,1.3,0.6,1,,1,2,2,1.666666667,0,0,2,0,0,0,0,2,0,0,0,0,0,0,4,0,6,1,0,0,0,0,0,1,0,0,0,0,0,0,0,0,0,0,0,0,0,0,0,2,0,0,0,0,2,2,0,0,0,0,0,1,0,0,0,0,0,0,0,1,1,0,0,0,0,0,2,0,0,0,0,0,0,2,7,2,11,17,1,0,0,0,0,0,0,0,0,0,0,0,0,2,0,0,0,0,0,0,0,0,1,10,0,0,0,0,0,0,0,0,0,2,0,0,0,0,0,0,0,0,1,10,0,0,0,0,0,0,0,0,0,0,0,0,0,0,0,0,0,0,0,0,0,0,0,0,0,0,0,0,0,0,0,0,0,0,0,0.043478261,0.086956522,0.086956522,0.086956522,0.086956522,0.086956522,0.086956522,0.086956522,2.586956522,2.586956522,2.586956522,2.586956522,0,0,0
59,NC,NC,P,,,,,,,,,x,x,O,O,710,630,80,8th,,0.66,0.66,0.4356,,,,,2,,2,2,2,2,1,0,2,0,0,0,0,3,0,0,0,0,0,0,1,0,4,0,0,0,0,1,0,0,0,1,0,0,0,0,0,0,0,1,0,0,0,0,0,1,0,0,0,0,2,0,0,0,0,0,0,1,0,0,0,0,0,0,0,0,0,0,0,1,0,0,1,0,0,0,0,0,0,1,4,1,6,10,1,0,0,0,0,0,0,0,0,0,0,0,1,1,0,0,0,0,0,0,0,0,2,4,0,0,0,0,0,0,0,0,0,2,0,0,0,0,0,0,0,0,0,5,0,0,0,0,0,0,0,0,0,0,0,0,0,0,0,0,0,0,0,0,0,0,0,0,0,0,0,0,0,0,0,0,0,0,0,0,0,0,0,0.25,0.25,0.25,0.25,1,1,1.333333333,1.333333333,0.333333333,0,0
60,NC,NC,CT,,x,x,x,x,,x,x,x,x,EPG,EPG-LO*,970,630,340,10th,,1.6,1.94,3.104,0.5,0.3,6.62,1.15,9,,9,8,11,9.333333333,0,5,5,0,0,0,0,10,0,0,0,0,0,0,0,0,10,2,2,1,0,0,2,0,0,0,0,0,1,0,0,0,0,1,0,1,3,0,0,6,3,0,0,0,8,1,0,0,0,0,0,0,0,0,0,0,0,0,1,3,0,0,0,0,0,0,8,0,0,0,0,0,0,4,21,8,33,43,0,0,1,0,0,0,0,0,0,0,1,2,3,1,0,1,0,5,5,1,2,6,6,6,0,0,0,0,0,0,1,2,2,2,1,5,3,2,1,0,2,5,6,7,0.055555556,0.055555556,0.055555556,0.055555556,0.055555556,0.055555556,0.055555556,0.055555556,0.055555556,0.055555556,0.055555556,0.055555556,0.055555556,1.122222222,1.122222222,1.122222222,1.122222222,1.122222222,0.511111111,0.511111111,0.511111111,0.511111111,0.574603175,0.638095238,0.638095238,0.638095238,0.4,0.4,0.333333333,0,0,0.444444444,0.444444444,0.444444444,0.444444444,1.003174603,1.561904762,1.561904762,1.561904762,1.508333333,1.508333333,1.508333333,1.508333333,1.625,1.625,1.625,1.625,0,0,0
61,NC,NC,CT,x,x,x,x,x,x,x,x,x,,SM,SM-EO*,1100,670,430,11th,,1.9,1.2,2.28,,,4.6,1.34,,,0,0,0,1,0,0,0,0,0,0,0,0,0,0,0,0,0,0,0,0,0,0,0,0,0,0,0,0,0,0,0,0,0,0,0,0,0,0,0,0,0,0,0,0,0,0,0,0,0,0,0,1,0,1,0,0,0,0,1,0,0,0,0,0,0,0,0,0,0,0,0,0,0,0,0,0,0,0,3,0,3,3,0,0,2,0,0,0,0,0,0,0,0,0,0,0,0,0,0,0,0,0,0,3,0,0,0,0,0,0,0,0,0,0,0,0,0,0,0,0,0,0,0,1,2,0,0,0,0,0,0,0,0,0,0,0,0,0,0,0,0,0,0,0,0,0,0,0,0,0,0,0,0,0,0,0,0,0,0,0,0,0.276190476,0.552380952,0.552380952,0.552380952,0.266666667,0.266666667,0.266666667,0.266666667,0,0,0,0,0,0,0
63,NC,NC,CP?,,,,,x,x,x,,,,PGB,PGB-MG,840,745,95,9th,0.3,,,,,,,,1,,1,1,1,1,0,0,0,0,0,0,0,0,0,0,0,0,0,0,0,0,0,0,0,0,0,0,0,0,0,0,0,0,0,0,0,0,0,0,0,0,0,0,0,2,0,0,0,0,1,3,0,0,0,0,0,0,0,0,1,0,0,0,0,1,0,0,0,0,0,1,1,0,0,0,0,0,0,2,7,1,10,10,0,0,1,0,0,0,0,0,0,0,1,0,0,0,0,0,0,0,0,1,8,1,0,0,0,0,0,0,0,0,1,0,0,0,0,0,0,0,1,1,8,0,0,0,0,0,0,0,0,0,0,0,0,0,0,0,0,0,0,0,0,0,0,0,0,0,0,0,0,0,0.438596491,0.438596491,0.438596491,0.305263158,0.305263158,1.541374269,1.541374269,1.541374269,1.541374269,0.933187135,0.325,0.325,0.325,0,0,0,0,0,0,0,0,0,0,0
69,NC,NC,,,,,,,,,,x,x,EO,EO-LO,710,630,80,8th,,,,,,,,,,,0,1,1,1,0,0,0,0,0,0,0,0,0,0,0,0,0,0,0,0,0,0,0,0,0,0,0,0,0,0,0,0,0,0,0,0,0,0,0,0,0,0,0,1,0,0,0,0,1,0,0,0,0,0,0,0,0,0,0,0,0,0,0,0,0,1,0,0,0,0,0,0,0,0,0,0,0,1,2,0,3,3,0,0,0,0,0,0,0,0,0,0,0,0,0,1,0,0,0,0,0,0,0,0,1,2,0,0,0,0,0,0,0,0,0,1,0,0,0,0,0,0,0,0,1,2,0,0,0,0,0,0,0,0,0,0,0,0,0,0,0,0,0,0,0,0,0,0,0,0,0,0,0,0,0,0,0,0,0,0,0,0,0,0,0,0.25,0.25,0.25,0.25,0.5,0.5,0.5,0.5,0,0,0
75,NC,NC,CT,,,,,,x,x,x,x,x,EG,EG-LO,810,630,180,9th,,2.15,1.6,3.44,0.35,0.78,9.75,1.3,48,,48,47,52,49,2,58,22,0,0,0,0,82,1,1,0,0,4,3,0,0,91,13,14,32,0,7,1,6,5,0,0,0,0,1,0,0,0,3,0,2,0,0,0,10,1,0,0,1,47,12,1,0,2,10,0,25,0,1,4,0,4,0,1,16,0,24,0,1,1,14,47,1,0,0,0,1,0,61,116,47,224,315,7,3,1,1,0,0,0,0,0,0,12,7,18,8,0,0,0,0,1,12,61,34,75,37,0,0,0,0,0,1,11,6,12,15,0,0,1,1,9,14,51,25,63,56,0,0,0,0,0,0,0,0,0,0,0,0,0,0.066666667,0.066666667,0.066666667,0.066666667,0.066666667,0.066666667,0.066666667,0.066666667,0.066666667,0.143589744,0.220512821,0.220512821,0.442735043,2.776068376,2.776068376,2.709401709,7.883760684,8.133760684,10.81431624,10.81431624,10.81431624,10.74209402,9.872263365,8.602432712,8.402432712,8.402432712,17.34528986,17.14528986,17.14528986,17.14528986,11.71195652,11.71195652,11.71195652,11.71195652,0,0,0
76,NC,NC,CT?,,,,,,,,x,x,,LG,LG-EO,745,670,75,8th,,1,1.3,1.3,,,1.5,,,,0,2,2,1.666666667,0,0,0,0,0,0,0,0,0,0,0,0,0,0,0,0,0,0,0,0,0,0,0,0,0,0,0,0,0,0,0,0,0,0,0,0,0,0,0,0,0,0,0,0,2,0,0,0,0,0,0,0,0,0,0,0,0,0,0,2,0,0,0,1,0,0,0,0,0,0,0,0,0,3,2,0,5,5,0,0,0,0,0,0,0,0,0,0,0,1,1,0,0,0,0,0,0,0,0,3,2,0,0,0,0,0,0,0,0,0,2,0,0,0,0,0,0,0,0,1,4,0,0,0,0,0,0,0,0,0,0,0,0,0,0,0,0,0,0,0,0,0,0,0,0,0,0,0,0,0,0,0,0,0,0,0,0,0.276190476,0.552380952,0.552380952,0.552380952,0.766666667,0.766666667,0.766666667,0.766666667,0,0,0,0,0,0,0
78,NC,NC,PB,,,,,,,,x,x,,LG,LG-EO,745,670,75,8th,,,,,,,,,,,0,1,1,1,2,0,5,3,0,1,0,11,0,8,3,0,4,2,0,0,28,6,1,0,3,10,0,0,0,0,0,4,0,0,0,0,0,0,0,2,0,0,0,1,0,0,0,1,1,2,0,0,0,0,0,0,0,0,0,0,0,0,0,0,0,4,0,0,1,0,0,0,0,0,0,1,0,5,5,1,11,39,8,0,0,2,0,0,0,0,0,0,0,1,0,0,0,0,0,0,0,0,0,9,2,0,0,0,0,0,0,0,0,1,0,0,0,0,0,0,0,0,0,6,4,1,0,0,0,0,0,0,0,0,0,0,0,0,0,0,0,0,0,0,0,0,0,0,0,0,0,0,0,0,0,0,0,0,0,0,0,1.057142857,2.114285714,2.114285714,2.114285714,0.775,0.775,0.775,0.775,0.125,0.125,0.125,0.125,0,0,0
79,NC,NC,P,,,,,,,,x,x,,LG,LG-EO,745,670,75,8th,,1.34,1.4,1.876,,,,,1,,1,2,3,2,0,0,0,0,0,0,0,0,0,0,0,0,0,0,0,0,0,0,0,0,0,0,0,0,0,0,0,0,0,0,0,0,0,0,0,0,0,0,0,1,1,0,0,0,2,1,0,0,0,0,0,0,0,0,0,0,0,0,0,1,0,0,0,0,0,0,2,0,0,0,0,0,0,1,5,2,8,8,0,0,0,0,0,0,0,0,0,0,0,1,1,0,0,0,0,0,0,0,0,5,3,0,0,0,0,0,0,0,0,0,1,1,0,0,0,0,0,0,0,2,5,1,0,0,0,0,0,0,0,0,0,0,0,0,0,0,0,0,0,0,0,0,0,0,0,0,0,0,0,0,0,0,0,0,0,0,0,0.485714286,0.971428571,0.971428571,0.971428571,1.025,1.025,1.025,1.025,0.125,0.125,0.125,0.125,0,0,0
80,NC,NC,G,,x,,,,,,,,,EPG,EPG,970,920,50,10th,,2,0.4,0.8,,,,,3,,3,0,1,1.333333333,0,0,0,0,0,0,0,0,0,0,0,0,0,0,0,0,0,0,0,0,0,0,0,0,0,0,0,0,0,0,0,0,0,0,0,0,1,0,0,0,1,0,0,0,0,0,0,0,0,0,0,0,0,0,0,0,0,0,0,0,0,0,0,0,0,0,0,0,0,0,0,0,0,0,2,0,2,2,0,0,0,0,0,0,0,0,0,0,0,0,0,0,0,0,0,2,0,0,0,0,0,0,0,0,0,0,0,0,0,0,0,0,0,2,0,0,0,0,0,0,0,0,0,0,0,0,0,0,0,0,0,0,0,0,0,0.4,0.4,0.4,0.4,0.4,0,0,0,0,0,0,0,0,0,0,0,0,0,0,0,0,0,0,0,0,0,0,0,0,0,0,0,0,0,0,0,0
82,NC,NC,CT,,,,,,,,,,x,LO,LO,670,630,40,7th,,2.4,1.9,4.56,0.7,0.6,4.2,1,,,0,3,3,2.333333333,0,0,1,0,0,0,0,1,0,0,1,0,0,1,3,0,6,0,0,0,0,1,0,0,0,0,0,0,0,1,0,0,0,4,0,0,0,0,0,0,0,0,0,0,3,2,0,0,0,0,0,1,0,0,0,0,0,0,0,0,0,1,0,0,3,0,3,0,0,0,0,1,0,4,6,4,14,20,2,0,0,0,0,0,0,0,0,0,0,0,1,2,0,0,0,0,0,0,0,2,2,9,0,0,0,0,0,0,0,0,0,3,0,0,0,0,0,0,0,0,2,11,0,0,0,0,0,0,0,0,0,0,0,0,0,0,0,0,0,0,0,0,0,0,0,0,0,0,0,0,0,0,0,0,0,0,0,0,0,0,0.666666667,0.916666667,0.916666667,0.25,0.25,2.5,2.5,2.5,2.5,0,0,0
85,NC,NC,P? LB?,,,,,,,,x,,,LG,LG?,745,710,35,8th,,2.14,1.5,3.21,,,,,,,0,1,1,1,0,0,0,0,0,0,0,0,0,0,0,0,0,0,0,0,0,0,0,0,0,0,0,0,0,0,0,0,0,0,0,0,0,0,0,0,0,0,0,0,0,0,0,0,1,0,0,0,0,0,0,0,0,0,0,0,0,0,0,0,0,0,0,0,0,0,0,1,0,0,0,0,0,0,1,1,2,2,0,0,0,1,0,0,0,0,0,0,0,1,0,0,0,0,0,0,0,0,0,1,0,0,0,0,0,0,0,0,0,1,0,0,0,0,0,0,0,0,0,1,0,0,0,0,0,0,0,0,0,0,0,0,0,0,0,0,0,0,0,0,0,0,0,0,0,0,0,0,0,0,0,0,0,0,0,0,0,0.142857143,0.285714286,0.285714286,0.285714286,0,0,0,0,0,0,0,0,0,0,0
86,NC,NC,P?,,,,,,,,,,,,,,,0,#N/A,,1.7,0.6,1.02,,,,,,,0,0,0,1,0,1,4,0,0,0,0,5,0,0,0,0,0,0,0,0,5,1,2,0,0,0,0,0,0,0,0,0,0,0,0,0,0,0,0,0,0,0,0,0,0,0,0,0,0,0,0,0,0,0,0,0,0,0,0,0,0,0,0,0,0,0,0,0,0,0,0,0,0,0,0,0,0,0,0,0,0,5,0,0,0,0,0,0,0,0,0,0,0,0,0,0,0,0,0,0,0,0,0,0,0,0,0,0,0,0,0,0,0,0,0,0,0,0,0,0,0,0,0,0,0,0,0,0,0,0,0,0,0,0,0,0,0,0,0,0,0,0,0,0,0,0,0,0,0,0,0,0,0,0,0,0,0,0,0,0,0,0,0,0,0,0,0,0,0,0,0,0,0,0,0,0
98,NC,NC,PC?,x,x,,,,,x,x,x,x,SM,SM-EO*,1100,670,430,11th,,2.86,2.4,6.864,,,,,2,,2,3,7,4,5,0,3,0,0,0,0,8,1,0,0,1,2,0,0,0,12,2,1,0,0,0,0,2,0,0,0,0,0,0,0,1,0,0,0,1,2,0,0,2,2,0,1,0,3,1,0,0,0,0,0,0,0,0,0,0,2,0,0,1,0,3,0,0,0,0,0,1,0,0,0,1,0,7,10,2,19,30,0,0,0,1,0,0,0,0,0,0,0,1,2,0,0,5,0,2,0,0,1,4,4,2,0,0,0,0,0,0,0,1,1,1,5,2,0,0,0,0,1,2,4,4,0.320512821,0.320512821,0.320512821,0.320512821,0.320512821,0.320512821,0.320512821,0.320512821,0.320512821,0.320512821,0.320512821,0.320512821,0.320512821,0.566666667,0.566666667,0.566666667,0.566666667,0.566666667,0,0,0,0,0,0,0,0,0,0,0,0,0,0.222222222,0.222222222,0.222222222,0.222222222,0.53015873,0.838095238,0.838095238,0.838095238,1.016666667,1.016666667,1.016666667,1.016666667,0.75,0.75,0.75,0.75,0,0,0
100,NC,NC,CT,,x,x,x,x,x,,,,,EPG,EPG-EG,970,790,180,10th,,1.8,2.11,3.798,0.94,0.34,9,1.18,3,,3,4,22,9.666666667,0,13,14,0,0,0,0,27,0,5,0,0,0,0,1,0,33,1,2,6,1,4,0,0,5,2,0,0,2,0,0,0,0,8,0,1,1,0,0,8,8,0,0,1,4,3,0,0,0,1,0,0,0,0,4,0,10,0,0,15,0,4,0,9,0,5,4,0,0,0,0,1,0,43,30,5,78,111,8,1,0,0,0,0,0,0,3,0,1,0,0,0,0,0,0,11,37,28,2,0,0,0,0,0,3,0,0,1,0,0,0,0,0,11,16,25,24,2,0,0,0,0,0,0,0,0,0,0,0,0,0,0,0,0,0,1.535672515,1.535672515,1.535672515,1.535672515,1.535672515,3.369005848,3.369005848,3.369005848,3.369005848,5.545369835,7.721733822,7.721733822,7.121733822,7.65982906,7.65982906,7.393162393,3.111111111,2.911111111,0,0,0,0,0,0,0,0,0,0,0,0,0,0,0,0,0,0,0
103,NC,NC,LB?,,,,,,,x,x,,,MG,MG-LG?,790,710,80,8th,,1.01,0.44,0.4444,,,,,,,0,0,0,1,0,0,0,0,0,0,0,0,0,0,0,0,0,0,0,0,0,0,0,0,0,0,0,0,0,0,0,0,0,0,0,0,0,0,0,0,0,0,0,0,0,0,0,0,0,1,0,0,0,0,0,0,0,0,0,0,0,0,0,0,0,0,0,0,0,0,0,1,0,0,0,0,0,0,1,1,2,2,0,0,0,1,0,0,0,0,0,0,0,0,0,0,0,0,0,0,0,0,0,1,0,0,0,0,0,0,0,0,0,0,0,0,0,0,0,0,0,0,1,0,0,0,0,0,0,0,0,0,0,0,0,0,0,0,0,0,0,0,0,0,0,0,0,0,0,0,0,0,0,0,0,0,0,0.125,0.125,0.125,0.125,0.125,0.125,0.125,0.125,0,0,0,0,0,0,0,0,0,0,0
104,NC,NC,CT,,,,,x,x,x,x,,,PGB,PGB-LG,840,710,130,9th,,2.8,1.08,3.024,,,,,4,,4,6,12,7.333333333,1,3,5,1,0,0,0,10,0,0,2,0,0,0,0,0,12,7,0,0,0,3,0,1,0,0,0,0,1,0,0,0,0,0,0,0,0,0,0,12,6,0,0,4,6,22,2,0,0,11,0,2,1,1,4,0,0,0,0,25,1,11,0,4,1,2,7,1,0,0,0,0,0,44,71,8,123,135,2,0,1,0,0,0,0,0,0,0,4,2,0,0,0,0,0,0,0,16,52,50,5,0,0,0,0,0,0,2,2,2,0,0,0,0,0,0,16,18,61,20,8,0,0,0,0,0,0,0,0,0,0,0,0,0,0,0,0,0,0,0,0,0,0,0,0,0,0,0.1,4.958823529,4.958823529,4.958823529,10.78959276,11.18959276,10.37570387,10.17570387,9.975703871,9.975703871,9.805384818,9.735065765,9.735065765,9.735065765,1.545780051,1.545780051,1.545780051,1.545780051,0.086956522,0.086956522,0.086956522,0.086956522,0,0,0
105,NC,NC,CT,,,,,,,x,,,,G,G,790,745,45,8th,,,,,,,,,,,0,0,0,1,0,0,0,0,0,0,0,0,0,0,0,0,0,0,0,0,0,0,0,0,0,0,0,0,0,0,0,0,0,0,0,0,0,0,0,0,0,0,0,0,0,0,0,0,0,0,0,0,0,0,0,0,0,0,0,0,0,0,0,0,0,0,0,0,0,0,0,0,0,0,0,0,0,0,0,0,0,0,0,0,0,0,0,0,0,0,0,0,0,0,0,0,0,0,0,0,0,0,0,0,0,0,0,0,0,0,0,0,0,0,0,0,0,0,0,0,0,0,0,0,0,0,0,0,0,0,0,0,0,0,0,0,0,0,0,0,0,0,0,0,0,0,0,0,0,0,0,0,0,0,0,0,0,0,0,0,0,0,0,0,0,0,0,0,0,0,0,0,0,0,0,0
106,NC,NC,CT,,,,,,x,x,x,x,x,EG,EG-LO,810,630,180,9th,,2.56,2.25,5.76,0.7,0.5,4.95,1.35,7,,7,4,6,5.666666667,0,3,0,0,0,0,0,3,0,0,0,0,1,0,0,0,4,0,0,3,0,0,0,0,0,0,0,0,0,0,0,0,0,1,0,0,0,0,0,3,1,0,0,0,4,2,0,0,0,3,0,4,0,0,1,0,1,0,0,3,0,8,0,0,2,0,7,1,0,0,0,0,0,13,19,8,40,44,5,0,3,1,0,0,0,0,0,0,1,0,3,0,0,0,0,0,1,1,4,13,17,3,0,0,0,0,0,0,1,0,3,0,0,0,1,0,1,0,6,9,19,2,0,0,0,0,0,0,0,0,0,0,0,0,0,0,0,0,0,0,0,0,0.4,0.4,0.2,0,0,0,0.2,0.2,0.2,0.353846154,0.703846154,1.073290598,1.073290598,1.073290598,0.823290598,1.843814036,3.007194617,3.15005176,3.15005176,4.739337474,4.353623188,4.353623188,4.353623188,0.586956522,0.586956522,0.586956522,0.586956522,0.2,0.4,0.4
107,NC,NC,CT,,,,,x,x,x,x,x,x,PGB,PGB-LO,840,630,210,9th,,1.98,1.9,3.762,,,6.55,0.9,34,,34,31,39,34.66666667,1,15,44,0,0,0,0,60,1,1,0,1,5,3,4,0,75,20,7,8,0,3,3,7,4,4,0,1,0,3,0,0,0,5,0,5,0,0,0,23,6,0,1,6,31,6,1,0,0,20,0,22,0,0,13,0,2,0,2,18,0,14,0,1,3,1,43,2,0,0,0,1,0,41,131,44,216,291,14,1,9,2,0,0,0,0,0,1,5,6,13,5,0,0,0,0,0,24,48,31,80,30,0,0,0,0,1,2,3,5,11,8,0,0,0,0,23,11,40,16,73,49,0,0,0,0,0,0,0,0,0,0,0,0,0,0,0,0,0,0,0,0,0,0,0,0,0,0.6,6.333333333,6.333333333,6.833333333,8.676923077,9.376923077,8.56025641,8.16025641,7.76025641,6.76025641,6.707509158,6.654761905,6.654761905,6.654761905,19.10833333,19.10833333,19.35833333,19.35833333,9.875,9.875,9.625,9.625,0,0,0
111,NC,NC,PB,,,,,,,,,x,,EO,EO,710,670,40,8th,,,,,,,,,,,0,2,2,1.666666667,0,0,0,0,0,0,0,0,0,0,0,0,0,0,0,0,0,0,0,0,0,0,0,0,0,0,0,0,0,0,0,0,0,0,0,0,0,0,0,0,0,0,0,0,2,0,0,0,0,0,0,0,0,0,0,0,0,0,0,0,0,0,0,0,0,0,0,0,0,0,0,0,0,0,2,0,2,2,0,0,0,0,0,0,0,0,0,0,0,1,1,0,0,0,0,0,0,0,0,1,1,0,0,0,0,0,0,0,0,1,1,0,0,0,0,0,0,0,0,1,1,0,0,0,0,0,0,0,0,0,0,0,0,0,0,0,0,0,0,0,0,0,0,0,0,0,0,0,0,0,0,0,0,0.083333333,0.083333333,0.083333333,0.083333333,0.083333333,0.083333333,0.083333333,0.083333333,0.333333333,0.333333333,0.333333333,0.333333333,0,0,0,0,0,0,0
112,NC,NC,CT,x,,,,,,,,,,SM,SM,1100,970,130,11th,,1.08,1.4,1.512,0.34,1.18,2.62,1.52,,,0,0,1,1,0,0,0,0,0,0,0,0,0,0,0,0,0,0,0,0,0,0,0,0,0,0,0,0,0,0,0,0,0,0,0,0,0,0,0,0,2,0,0,0,1,0,0,0,0,0,0,0,0,0,0,0,0,0,0,0,0,0,0,0,0,0,0,0,0,0,0,0,0,0,0,0,0,0,3,0,3,3,0,0,0,0,0,0,0,0,0,0,0,0,0,0,0,3,0,0,0,0,0,0,0,0,0,0,0,0,0,0,0,0,0,0,3,0,0,0,0,0,0,0,0,0,0.230769231,0.230769231,0.230769231,0.230769231,0.230769231,0.230769231,0.230769231,0.230769231,0.230769231,0.230769231,0.230769231,0.230769231,0.230769231,0,0,0,0,0,0,0,0,0,0,0,0,0,0,0,0,0,0,0,0,0,0,0,0,0,0,0,0,0,0,0,0,0,0,0,0,0
113,NC,NC,LB?,,,,,,,,x,,,LG,LG,745,710,35,8th,,,,,,,,,1,,1,0,0,1,0,0,0,0,0,0,0,0,0,0,0,0,0,0,0,0,0,0,0,0,0,0,0,0,0,0,0,0,0,0,0,0,0,0,0,0,0,0,0,1,0,0,0,0,0,0,0,0,0,0,0,0,0,0,0,0,0,0,0,0,0,0,0,0,0,0,0,1,0,0,0,0,0,0,1,1,2,2,0,0,0,1,0,0,0,0,0,0,0,0,0,0,0,0,0,0,0,0,0,1,0,0,0,0,0,0,0,0,0,0,0,0,0,0,0,0,0,0,0,1,0,0,0,0,0,0,0,0,0,0,0,0,0,0,0,0,0,0,0,0,0,0,0,0,0,0,0,0,0,0,0,0,0,0,0,0,0,0.142857143,0.285714286,0.285714286,0.285714286,0,0,0,0,0,0,0,0,0,0,0
121,NC,NC,PC,x,,,,,,,,,,SM,SM,1100,970,130,11th,,1.3,1.25,1.625,,,1.7,1.15,,,0,0,0,1,0,0,2,0,0,0,0,2,0,0,0,0,0,1,0,0,3,2,0,0,0,1,0,0,0,0,0,0,0,0,0,0,0,0,0,0,2,0,2,1,0,1,0,0,0,1,0,0,0,0,0,0,0,0,0,0,0,0,0,0,0,0,0,0,0,0,0,0,0,0,0,0,0,0,7,0,7,10,0,0,0,1,0,0,0,0,0,0,0,0,0,0,0,7,0,0,0,0,0,0,0,0,0,0,0,0,0,0,0,0,0,0,7,0,0,0,0,0,0,0,0,0,0.538461538,0.538461538,0.538461538,0.538461538,0.538461538,0.538461538,0.538461538,0.538461538,0.538461538,0.538461538,0.538461538,0.538461538,0.538461538,0,0,0,0,0,0,0,0,0,0,0,0,0,0,0,0,0,0,0,0,0,0,0,0,0,0,0,0,0,0,0,0,0,0,0,0,0
123,NC,NC,CT,,,,,,,x,x,x,x,G,G-LO,790,630,160,8th,,1.4,1.1,1.54,,,,,,,0,1,1,1,0,6,4,1,0,0,0,11,0,0,0,0,1,0,0,0,12,5,1,2,0,1,0,3,0,0,0,0,0,0,0,0,0,0,0,0,0,0,0,0,0,0,0,0,1,0,0,0,0,1,0,3,0,0,0,0,0,0,0,0,0,1,0,0,2,0,1,0,0,0,0,0,0,3,5,1,9,21,0,0,0,0,0,0,0,0,0,0,0,0,1,0,0,0,0,0,0,0,0,0,8,1,0,0,0,0,0,0,0,0,1,0,0,0,0,0,0,0,0,0,8,1,0,0,0,0,0,0,0,0,0,0,0,0,0,0,0,0,0,0,0,0,0,0,0,0,0,0,0,0,0,0,0,0,0,0,0,0,0,0,0,2,2,2,2,0.25,0.25,0.25,0.25,0,0,0
125,NC,NC,CT,,,,,,,x,,,,MG,MG,790,745,45,8th,,0.84,0.65,0.546,,,1.85,1.25,2,,2,3,5,3.333333333,0,2,0,0,0,0,0,2,0,0,0,0,0,1,0,0,3,0,0,2,0,1,0,0,0,0,0,0,0,0,0,0,0,0,0,0,0,0,0,1,0,0,0,0,3,2,0,0,0,2,0,0,0,0,0,0,2,0,1,0,0,1,0,0,0,0,4,0,0,0,0,0,0,4,8,4,16,19,2,0,0,0,0,0,0,0,0,0,3,0,0,0,0,0,0,0,0,0,15,1,0,0,0,0,0,0,0,0,3,0,0,0,0,0,0,0,0,1,15,0,0,0,0,0,0,0,0,0,0,0,0,0,0,0,0,0,0,0,0,0,0,0,0,0,0,0,0,0.1,0.1,0.1,0.1,0.1,0.1,3.336111111,3.336111111,3.336111111,3.336111111,1.680555556,0.125,0.125,0.125,0,0,0,0,0,0,0,0,0,0,0
126,NC,NC,U,,,,,,,,,x,x,O,O,710,630,80,8th,,,,,,,,,,,0,3,3,2.333333333,0,1,8,0,0,0,0,9,0,0,0,0,0,0,0,0,9,1,1,0,0,0,1,2,0,0,0,0,0,0,0,0,0,0,0,0,0,0,0,2,0,0,0,0,3,1,0,0,0,0,0,0,0,0,0,0,0,0,0,0,1,2,0,0,0,0,3,0,0,0,0,1,0,3,6,4,13,22,2,0,0,0,0,0,0,0,0,0,0,1,1,1,0,0,0,0,0,0,0,4,3,6,0,0,0,0,0,0,0,1,0,2,0,0,0,0,0,0,0,2,3,7,0,0,0,0,0,0,0,0,0,0,0,0,0,0,0,0,0,0,0,0,0,0,0,0,0,0,0,0,0,0,0,0,0,0,0,0.46252588,0.92505176,0.92505176,0.92505176,0.603623188,0.603623188,0.603623188,0.603623188,1.586956522,1.586956522,1.586956522,1.586956522,0.2,0.4,0.4
129,NC,NC,CT,,,,,,x,x,,,x,EG,EG-LO*,810,630,180,9th,,1,1.78,1.78,,,1.4,0.7,1,,1,2,2,1.666666667,0,0,1,0,0,0,0,1,0,0,0,0,2,0,0,0,3,0,1,0,0,0,0,1,0,0,0,0,0,0,1,0,0,0,0,0,0,0,0,0,0,0,0,0,2,0,0,0,0,0,0,1,0,0,0,0,0,0,0,0,0,1,0,0,0,1,0,0,0,0,0,1,0,2,3,1,6,9,0,0,0,1,0,0,0,0,0,0,2,0,0,0,0,0,0,0,0,0,5,0,0,1,0,0,0,0,0,0,2,0,0,0,0,0,0,0,0,0,5,0,0,1,0,0,0,0,0,0,0,0,0,0,0,0,0,0,0,0,0,0,0,0,0,0,0,0,0,0,0,0,0,0.461538462,0.461538462,0.905982906,0.905982906,0.905982906,0.905982906,0.452991453,0,0,0,0,0,0,0,0.25,0.25,0.25,0.25,0,0,0
132,NC,NC,CT,,,,,,x,x,x,x,x,EG,EG-LO,810,630,180,9th,,1.2,1.3,1.56,0.56,0.24,3.6,0.9,3,,3,14,15,10.66666667,0,0,0,0,0,0,0,0,0,0,0,1,1,1,0,0,3,0,1,0,0,0,0,0,0,0,0,0,0,0,0,0,0,0,0,0,0,0,0,1,0,0,0,0,14,1,0,0,0,0,0,1,0,0,0,0,1,0,0,0,0,6,0,0,0,0,17,1,0,0,0,1,0,7,17,19,43,46,0,0,0,2,0,0,0,0,0,0,3,5,2,3,0,0,0,0,0,0,18,13,6,3,0,0,0,0,0,0,3,4,3,3,0,0,0,0,0,1,17,8,8,6,0,0,0,0,0,0,0,0,0,0,0,0,0,0,0,0,0,0,0,0,0,0,0,0,0,0,0,0,0,0.5,0.75,3.805555556,3.805555556,3.805555556,3.555555556,3.253968254,2.952380952,2.952380952,2.952380952,1.791666667,1.791666667,1.791666667,1.791666667,1.125,1.125,1.125,1.125,0,0,0
134,NC,NC,PC?,,,,,x,x,x,x,x,,PGB,PGB-EO,840,670,170,9th,,1.22,3.6,4.392,,,,,2,,2,1,4,2.333333333,0,4,5,0,0,0,0,9,0,0,0,0,0,0,0,0,9,0,0,4,0,0,0,4,0,0,0,0,0,0,0,0,0,1,0,0,0,0,0,1,2,0,1,0,1,19,0,0,0,6,0,2,0,0,0,0,1,0,0,4,0,18,0,0,0,1,16,1,0,0,0,1,0,25,32,17,74,83,2,0,2,1,0,0,0,0,0,0,1,0,0,0,0,0,0,0,1,1,35,36,0,0,0,0,0,0,0,1,0,0,0,0,0,0,0,1,1,10,41,6,14,0,0,0,0,0,0,0,0,0,0,0,0,0,0,0,0,0,0,0,0,0,0.2,0.2,0.2,0.2,0.2,0.1,0.433333333,0.433333333,0.433333333,5.061538462,5.061538462,7.45042735,7.45042735,7.45042735,7.45042735,6.465689866,5.580952381,5.580952381,5.580952381,1.866666667,1.866666667,1.866666667,1.866666667,0,0,0,0,0,0,0
135,NC,NC,P?,,,,,,,x,,,,MG,MG,790,745,45,8th,,1.8,0.5,0.9,,,,,,,0,0,0,1,0,0,2,0,0,0,0,2,0,0,0,0,0,0,0,0,2,0,0,0,0,0,0,2,0,0,0,0,0,0,0,0,0,0,0,0,0,0,0,0,0,0,0,0,0,1,0,0,0,0,0,0,0,0,0,0,0,0,0,0,0,0,0,0,0,0,0,0,0,0,0,0,0,0,1,0,1,3,0,0,0,0,0,0,0,0,0,0,0,0,0,0,0,0,0,0,0,0,1,0,0,0,0,0,0,0,0,0,0,0,0,0,0,0,0,0,0,0,1,0,0,0,0,0,0,0,0,0,0,0,0,0,0,0,0,0,0,0,0,0,0,0,0,0,0,0,0,0,0,0,0,0,0,0.222222222,0.222222222,0.222222222,0.222222222,0.111111111,0,0,0,0,0,0,0,0,0,0,0,0,0,0
138,NC,NC,CT,,,,,,,,x,,,LG,LG-O,745,710,35,8th,,1.5,1.5,2.25,,,2.15,0.94,,,0,1,1,1,0,0,1,0,0,0,0,1,0,0,0,0,1,0,0,0,2,0,0,0,0,0,0,0,0,0,0,0,0,0,0,0,0,0,0,1,0,0,0,0,0,0,0,0,1,0,0,0,0,0,0,0,0,0,0,0,0,0,0,1,0,0,0,0,0,0,0,1,0,0,0,0,0,1,1,1,3,5,1,0,0,1,0,0,0,0,0,0,0,0,0,1,0,0,0,0,0,0,0,1,0,1,0,0,0,0,0,0,0,0,0,1,0,0,0,0,0,0,0,1,0,1,0,0,0,0,0,0,0,0,0,0,0,0,0,0,0,0,0,0,0,0,0,0,0,0,0,0,0,0,0,0,0,0,0,0,0,0.166666667,0.166666667,0.166666667,0.166666667,0.166666667,0.166666667,0,0,0.25,0.25,0.25,0.25,0,0,0
146,NC,NC,CT,,,x?,,,,,,,x,MPG,MPG-LO?,920,630,290,10th,1,,,,0.8,1.2,3,1.2,,,0,0,0,1,0,1,1,0,0,0,0,2,0,0,0,0,0,0,0,0,2,0,0,0,0,0,1,0,0,0,0,0,0,0,0,0,0,0,0,0,0,0,0,1,0,0,0,0,0,0,0,0,0,0,0,0,0,0,0,0,0,0,0,0,0,1,0,0,0,0,0,0,0,0,0,0,0,1,1,0,2,4,0,0,0,0,0,0,0,0,0,0,0,0,0,0,0,0,0,0,0,0,0,0,0,2,0,0,0,0,0,0,0,0,0,0,0,0,0,0,0,0,0,0,0,2,0,0,0,0,0,0,0,0,0,0,0,0,0,0,0,0,0,0,0,0,0,0,0,0,0,0,0,0,0,0,0,0,0,0,0,0,0,0,0,0,0,0,0,0.5,0.5,0.5,0.5,0,0,0
147,NC,NC,CT?,,,,x,x,x,x,x,,,LPG,LPG-LG,875,670,205,9th,,,,,,,,,1,,1,4,4,3,0,0,0,0,0,0,0,0,0,0,0,0,0,0,0,0,0,0,0,0,0,0,0,0,0,0,0,0,0,0,0,0,0,0,0,0,0,0,0,0,0,0,0,0,4,0,0,0,0,0,0,0,0,0,0,0,0,0,0,0,0,0,0,0,0,0,2,0,0,0,0,0,0,0,4,2,6,6,0,0,0,0,0,0,0,0,1,2,0,1,0,0,0,0,0,0,1,2,0,3,0,0,0,0,0,1,2,0,0,1,0,0,0,0,0,1,2,0,2,1,0,0,0,0,0,0,0,0,0,0,0,0,0,0,0,0,0,0,0,0,0,0,0,0,0.142857143,0.285714286,0.285714286,0.285714286,0.4,0.4,0.4,0.4,0.4,0.25,0.25,0.25,0.25,0.392857143,0.535714286,0.535714286,0.535714286,0,0,0,0,0,0,0,0,0,0,0
149,NC,NC,SG,x,,,,,,,,,,SM,SM?,1100,970,130,11th,,1.28,0.66,0.8448,,,,,,,0,0,0,1,0,0,0,0,0,0,0,0,0,0,0,0,0,0,0,0,0,0,0,0,0,0,0,0,0,0,0,0,0,0,0,0,0,0,0,0,0,0,0,0,0,0,0,0,0,0,0,0,0,0,0,0,0,0,0,0,0,0,0,0,0,0,0,0,0,0,0,0,0,0,0,0,0,0,0,0,0,0,0,0,0,0,0,0,0,0,0,0,0,0,0,0,0,0,0,0,0,0,0,0,0,0,0,0,0,0,0,0,0,0,0,0,0,0,0,0,0,0,0,0,0,0,0,0,0,0,0,0,0,0,0,0,0,0,0,0,0,0,0,0,0,0,0,0,0,0,0,0,0,0,0,0,0,0,0,0,0,0,0,0,0,0,0,0,0,0,0,0,0,0,0,0
152,NC,NC,U,,,,,,,x,,,,G,G,790,745,45,8th,,1.7,1.6,2.72,0.95,0.7,2.2,1.7,,,0,0,0,1,0,0,0,0,0,0,0,0,0,0,0,0,0,0,1,0,1,0,0,0,0,0,0,0,0,0,0,0,0,0,0,0,0,0,0,1,0,0,0,0,0,0,0,0,0,0,0,0,0,0,0,0,0,0,0,0,0,0,0,0,0,0,0,0,0,0,0,0,0,0,0,0,0,0,0,0,0,1,0,0,0,0,0,0,0,0,0,0,0,0,0,0,0,0,0,0,0,0,0,0,0,0,0,0,0,0,0,0,0,0,0,0,0,0,0,0,0,0,0,0,0,0,0,0,0,0,0,0,0,0,0,0,0,0,0,0,0,0,0,0,0,0,0,0,0,0,0,0,0,0,0,0,0,0,0,0,0,0,0,0,0,0,0,0,0,0,0,0,0,0,0,0
153,NC,NC,SG,x,,,,,,,,,,SM,SM?,1100,970,130,11th,,1.16,0.61,0.7076,,,,,,,0,0,0,1,0,0,0,0,0,0,0,0,0,0,0,0,0,0,0,0,0,0,0,0,0,0,0,0,0,0,0,0,0,0,0,0,0,0,0,0,0,0,0,0,0,0,0,0,0,0,0,0,0,0,0,0,0,0,0,0,0,0,0,0,0,0,0,0,0,0,0,0,0,0,0,0,0,0,0,0,0,0,0,0,0,0,0,0,0,0,0,0,0,0,0,0,0,0,0,0,0,0,0,0,0,0,0,0,0,0,0,0,0,0,0,0,0,0,0,0,0,0,0,0,0,0,0,0,0,0,0,0,0,0,0,0,0,0,0,0,0,0,0,0,0,0,0,0,0,0,0,0,0,0,0,0,0,0,0,0,0,0,0,0,0,0,0,0,0,0,0,0,0,0,0,0
159,NC,NC,U,,,,,,,,,x,,EO,EO,710,670,40,8th,,,,,,,,,2,,2,2,2,2,0,0,3,0,0,0,0,3,0,0,0,0,0,0,0,0,3,3,0,0,0,0,0,0,0,0,0,0,0,0,0,0,0,0,0,0,0,0,0,0,0,0,0,0,2,0,0,0,0,0,0,0,0,0,0,0,0,0,0,1,0,0,0,1,0,0,0,0,0,0,0,0,0,2,2,0,4,7,0,0,0,0,0,0,0,0,0,0,0,0,2,0,0,0,0,0,0,0,0,0,4,0,0,0,0,0,0,0,0,0,1,1,0,0,0,0,0,0,0,0,3,1,0,0,0,0,0,0,0,0,0,0,0,0,0,0,0,0,0,0,0,0,0,0,0,0,0,0,0,0,0,0,0,0,0,0,0,0,0,0,0,0.875,0.875,0.875,0.875,0.125,0.125,0.125,0.125,0,0,0
160,NC,NC,SG,x,,,,,,,,,,SM,SM,1100,970,130,11th,,1.1,0.64,0.704,,,,,,,0,0,0,1,0,0,0,0,0,0,0,0,0,0,0,0,0,0,0,0,0,0,0,0,0,0,0,0,0,0,0,0,0,0,0,0,0,0,0,0,1,0,0,0,0,0,0,0,0,0,0,0,0,0,0,0,0,0,0,0,0,0,0,0,0,0,0,0,0,0,0,0,0,0,0,0,0,0,1,0,1,1,0,0,0,0,0,0,0,0,0,0,0,0,0,0,0,1,0,0,0,0,0,0,0,0,0,0,0,0,0,0,0,0,0,0,1,0,0,0,0,0,0,0,0,0,0.076923077,0.076923077,0.076923077,0.076923077,0.076923077,0.076923077,0.076923077,0.076923077,0.076923077,0.076923077,0.076923077,0.076923077,0.076923077,0,0,0,0,0,0,0,0,0,0,0,0,0,0,0,0,0,0,0,0,0,0,0,0,0,0,0,0,0,0,0,0,0,0,0,0,0
163,NC,NC,P,,,,,,,,x,,,LG,LG,745,710,35,8th,,2.2,1.8,3.96,,,,,1,,1,2,2,1.666666667,0,1,0,0,0,0,0,1,0,0,0,0,0,0,0,0,1,1,0,0,0,0,0,0,0,0,0,0,0,0,0,0,0,0,0,0,0,0,0,0,0,0,0,0,2,1,0,0,0,1,0,2,0,0,0,0,0,0,0,1,0,0,0,0,0,0,2,0,0,0,0,0,0,1,6,2,9,10,0,0,0,0,0,0,0,0,0,0,0,2,0,0,0,0,0,0,0,0,0,9,0,0,0,0,0,0,0,0,0,2,0,0,0,0,0,0,0,0,0,6,3,0,0,0,0,0,0,0,0,0,0,0,0,0,0,0,0,0,0,0,0,0,0,0,0,0,0,0,0,0,0,0,0,0,0,0,0,1.057142857,2.114285714,2.114285714,2.114285714,0.4,0.4,0.4,0.4,0,0,0,0,0,0,0
168,NC,NC,CT,,,,,,,,x,x,,LG,LG-EO,745,670,75,8th,,1.9,2,3.8,,,,,,,0,0,0,1,0,0,1,0,0,0,0,1,0,0,0,0,0,0,0,0,1,0,0,0,0,0,0,0,0,0,0,0,0,0,0,0,0,0,0,0,0,0,0,0,0,0,0,0,0,0,0,0,0,0,0,0,0,0,0,0,0,0,0,0,0,1,0,0,0,0,0,0,0,0,0,0,0,1,0,0,1,2,0,0,0,0,0,0,0,0,0,0,0,0,0,0,0,0,0,0,0,0,0,1,0,0,0,0,0,0,0,0,0,0,0,0,0,0,0,0,0,0,0,0,1,0,0,0,0,0,0,0,0,0,0,0,0,0,0,0,0,0,0,0,0,0,0,0,0,0,0,0,0,0,0,0,0,0,0,0,0,0.066666667,0.133333333,0.133333333,0.133333333,0.133333333,0.133333333,0.133333333,0.133333333,0,0,0,0,0,0,0
175,NC,NC,CT,,x,x,x,x,x,x,x,x,,EPG,EPG-EO,970,670,300,10th,,1.78,1.4,2.492,,,3.8,1.1,10,,10,11,21,14,0,22,11,0,0,0,0,33,0,0,0,0,0,0,0,0,33,7,2,16,0,3,3,0,0,0,0,0,0,2,0,0,0,0,0,0,2,0,0,6,5,0,0,0,11,3,0,1,0,3,0,3,0,0,3,0,5,0,0,10,0,11,0,0,0,0,9,0,0,0,0,0,0,26,37,9,72,105,2,0,2,0,0,0,0,0,0,4,5,0,2,0,0,0,0,3,19,16,19,7,8,0,0,0,0,2,2,2,3,0,1,1,0,3,11,10,14,10,10,6,6,2,0,0,0,0,0,0,0,0,0,0,0,0,0,0.410526316,0.410526316,0.410526316,0.410526316,0.410526316,2.65497076,2.65497076,2.65497076,2.65497076,2.624188677,2.593406593,2.593406593,2.793406593,3.641025641,3.641025641,3.641025641,7.153846154,7.353846154,2.234401709,2.034401709,1.834401709,1.834401709,1.836843712,1.839285714,1.839285714,1.839285714,1.75,1.75,1.75,1.75,0.25,0.25,0.25,0.25,0,0,0
176,NC,NC,CP?,,,,,,,,,,,,,,,0,#N/A,,1,1,1,,,,,1,,1,0,0,1,0,0,0,0,0,0,0,0,0,0,0,0,0,0,0,0,0,0,0,0,0,0,0,0,0,0,0,0,0,0,0,0,0,0,0,0,0,0,0,0,0,0,0,0,0,0,0,0,0,0,0,0,0,0,0,0,0,0,0,0,0,0,0,0,0,0,0,0,0,0,0,0,0,0,0,0,0,0,0,0,0,0,0,0,0,0,0,0,0,0,0,0,0,0,0,0,0,0,0,0,0,0,0,0,0,0,0,0,0,0,0,0,0,0,0,0,0,0,0,0,0,0,0,0,0,0,0,0,0,0,0,0,0,0,0,0,0,0,0,0,0,0,0,0,0,0,0,0,0,0,0,0,0,0,0,0,0,0,0,0,0,0,0,0,0,0,0,0,0,0,0,0
182,NC,NC,P,,,,x,x,,,,,,LPG,LPG-PGB,875,810,65,9th,,0.5,1.2,0.6,,,,,,,0,0,0,1,1,0,1,0,0,0,0,2,0,0,0,0,0,0,0,0,2,0,0,0,0,1,0,0,0,0,0,0,0,0,0,0,0,0,0,0,0,0,0,0,0,0,0,0,0,1,0,0,0,0,0,0,0,0,0,0,0,0,0,0,0,1,0,0,0,0,0,0,0,0,0,0,0,1,1,0,2,4,0,0,0,0,0,0,0,0,0,0,0,0,0,0,0,0,0,0,0,1,0,0,1,0,0,0,0,0,0,0,0,0,0,0,0,0,0,1,0,0,0,0,1,0,0,0,0,0,0,0,0,0,0,0,0,0,0,0,0,0,0,0,0,0,0,0,0.076923077,0.153846154,0.153846154,0.153846154,0.153846154,0.153846154,0.153846154,0,0,0,0,0,0,0.043478261,0.086956522,0.086956522,0.086956522,0.086956522,0.086956522,0.086956522,0.086956522,0.086956522,0.086956522,0.086956522,0.086956522,0,0,0
186,NC,NC,PC,x,,,,,,,,,,SM,SM,1100,970,130,11th,,1,1,1,,,,,,,0,0,0,1,0,2,2,0,0,0,0,4,0,0,0,0,2,0,0,0,6,0,3,2,0,0,0,0,0,0,0,0,0,0,0,0,1,0,0,0,1,0,0,0,0,0,0,0,0,0,0,0,0,0,0,0,0,0,0,0,0,0,0,0,0,0,0,0,0,0,0,0,0,0,0,0,0,0,1,0,1,7,0,0,0,0,0,0,0,0,0,0,0,0,0,0,0,1,0,0,0,0,0,0,0,0,0,0,0,0,0,0,0,0,0,0,1,0,0,0,0,0,0,0,0,0,0.076923077,0.076923077,0.076923077,0.076923077,0.076923077,0.076923077,0.076923077,0.076923077,0.076923077,0.076923077,0.076923077,0.076923077,0.076923077,0,0,0,0,0,0,0,0,0,0,0,0,0,0,0,0,0,0,0,0,0,0,0,0,0,0,0,0,0,0,0,0,0,0,0,0,0
200,NC,NC,PC,x,,,,,,,,,,SM,SM,1100,970,130,11th,,0.7,0.7,0.49,,,,,1,,1,0,1,1,6,0,2,0,0,0,0,8,1,2,0,0,1,2,0,0,14,1,0,0,0,6,0,0,0,0,0,0,0,0,0,2,0,0,0,2,3,0,0,0,1,0,0,0,0,0,0,0,0,0,0,0,0,0,0,0,0,0,0,0,0,0,0,0,0,0,0,0,0,0,0,0,0,0,4,0,4,18,4,0,0,4,0,0,0,0,0,0,0,0,0,0,0,4,0,0,0,0,0,0,0,0,0,0,0,0,0,0,0,0,0,0,4,0,0,0,0,0,0,0,0,0,0.307692308,0.307692308,0.307692308,0.307692308,0.307692308,0.307692308,0.307692308,0.307692308,0.307692308,0.307692308,0.307692308,0.307692308,0.307692308,0,0,0,0,0,0,0,0,0,0,0,0,0,0,0,0,0,0,0,0,0,0,0,0,0,0,0,0,0,0,0,0,0,0,0,0,0
201,NC,NC,PC,x,,,,,,,,,,SM,SM,1100,970,130,11th,,0.54,0.5,0.27,,,,,3,,3,0,0,1,1,3,12,0,0,0,0,16,5,0,0,0,0,0,0,0,21,2,1,8,0,1,1,0,0,0,1,0,0,1,0,0,4,0,0,1,0,0,0,0,0,0,0,0,0,0,0,0,0,0,0,0,0,0,0,0,0,0,0,0,0,0,0,0,0,0,0,0,0,0,0,0,0,0,0,0,0,21,8,2,0,2,0,0,0,0,0,0,0,0,0,0,0,0,0,0,0,0,0,0,0,0,0,0,0,0,0,0,0,0,0,0,0,0,0,0,0,0,0,0,0,0,0,0,0,0,0,0,0,0,0,0,0,0,0,0,0,0,0,0,0,0,0,0,0,0,0,0,0,0,0,0,0,0,0,0,0,0,0,0,0,0,0,0,0,0,0,0,0,0,0,0
202,NC,NC,PC,x,,,,,,,,,,SM,SM,1100,970,130,11th,,0.55,0.62,0.341,,,,,,,0,0,0,1,0,0,0,0,0,0,0,0,0,0,0,0,0,0,0,0,0,0,0,0,0,0,0,0,0,0,0,0,0,0,0,0,0,0,0,0,0,0,0,0,0,0,0,0,0,0,0,0,0,0,0,0,0,0,0,0,0,0,0,0,0,0,0,0,0,0,0,0,0,0,0,0,0,0,0,0,0,0,0,0,0,0,0,0,0,0,0,0,0,0,0,0,0,0,0,0,0,0,0,0,0,0,0,0,0,0,0,0,0,0,0,0,0,0,0,0,0,0,0,0,0,0,0,0,0,0,0,0,0,0,0,0,0,0,0,0,0,0,0,0,0,0,0,0,0,0,0,0,0,0,0,0,0,0,0,0,0,0,0,0,0,0,0,0,0,0,0,0,0,0,0,0
207,NC,NC,CT,x,x,x,x,,,,,,,SM,SM-LPG,1100,840,260,11th,,2.13,1.64,3.4932,0.75,,3.2,0.85,,,0,0,10,3.666666667,0,1,4,0,0,0,0,5,0,1,0,0,0,0,0,0,6,1,0,0,0,1,0,2,0,0,0,0,0,0,0,0,0,1,0,0,4,0,0,3,8,0,8,0,0,2,0,0,0,0,0,0,0,0,3,0,2,0,0,26,0,6,0,0,0,13,1,0,0,0,0,0,0,47,28,1,76,82,8,0,0,0,0,0,0,0,0,0,0,0,0,0,0,10,0,22,43,1,0,0,0,0,0,0,0,0,0,0,0,0,0,0,10,22,38,6,0,0,0,0,0,0,0.598290598,0.598290598,0.598290598,0.598290598,0.598290598,0.598290598,0.598290598,0.598290598,0.598290598,0.598290598,1.298290598,1.298290598,1.298290598,4.432163743,4.432163743,4.432163743,4.432163743,4.432163743,6.718274854,6.718274854,6.418274854,6.418274854,5.021179551,3.624084249,3.624084249,3.624084249,0.820512821,0.820512821,0.153846154,0,0,0,0,0,0,0,0,0,0,0,0,0,0,0,0,0,0,0,0,0
208,NC,NC,PC,x,,,,,,,,,,SM,SM,1100,970,130,11th,,1.3,1.65,2.145,,,,,1,,1,0,1,1,0,3,2,1,0,0,0,6,0,0,0,0,1,0,0,0,7,2,2,1,0,0,0,0,0,0,0,0,0,0,0,0,0,0,0,0,0,0,0,0,1,0,0,0,0,0,0,0,0,0,0,0,0,0,0,0,0,0,0,0,0,0,0,0,0,0,0,0,0,0,0,0,0,0,1,0,1,8,0,0,0,0,0,0,0,0,0,0,0,0,0,0,0,1,0,0,0,0,0,0,0,0,0,0,0,0,0,0,0,0,0,0,1,0,0,0,0,0,0,0,0,0,0.076923077,0.076923077,0.076923077,0.076923077,0.076923077,0.076923077,0.076923077,0.076923077,0.076923077,0.076923077,0.076923077,0.076923077,0.076923077,0,0,0,0,0,0,0,0,0,0,0,0,0,0,0,0,0,0,0,0,0,0,0,0,0,0,0,0,0,0,0,0,0,0,0,0,0
218,NC,NC,CT,,,,x,x,x,x,x,x,x,LPG,LPG-LO,875,630,245,9th,,2.28,2,4.56,0.9,0.5,,,14,,14,18,20,17.33333333,1,26,11,0,0,0,0,38,0,0,0,0,1,0,0,0,39,7,5,13,0,1,1,0,2,0,0,0,0,3,0,0,1,0,0,1,0,0,0,11,2,0,0,1,18,7,3,0,0,23,0,17,0,0,5,0,0,0,0,5,0,11,0,1,1,2,30,0,0,0,0,0,0,21,86,30,137,176,3,1,12,0,0,0,0,0,0,0,8,9,1,0,0,0,0,0,3,10,42,36,39,6,0,0,0,0,0,1,7,6,4,0,0,0,0,3,10,11,39,20,46,7,0,0,0,0,0,0,0,0,0,0,0,0,0,0,0,0,0,0,0,0,0,0,0.428571429,0.857142857,0.857142857,0.857142857,2.666666667,2.666666667,2.666666667,6.5,6.75,7.916666667,7.916666667,7.916666667,7.666666667,7.723809524,7.780952381,7.780952381,7.780952381,10.69166667,10.69166667,10.69166667,10.69166667,1.625,1.625,1.625,1.625,0,0,0
219,NC,NC,CT,,x,x,x,x,x,x,x,x,x,EPG,EPG-LO,970,630,340,10th,,2.84,2.05,5.822,0.65,0.4,5.9,1.8,9,,9,7,16,10.66666667,1,79,53,0,0,0,0,133,5,10,0,6,3,5,1,0,163,4,11,26,0,16,3,10,30,0,0,0,0,9,0,0,6,28,0,3,3,0,0,5,6,0,1,0,7,5,0,0,1,4,0,0,0,2,4,0,3,0,0,21,0,8,0,1,2,0,9,0,0,1,0,0,0,35,39,9,83,246,36,11,2,1,0,0,0,0,1,0,1,4,0,1,0,0,0,16,13,17,17,15,3,2,0,0,1,0,0,0,1,4,0,1,0,16,3,12,15,2,19,9,5,2,0,0,0,0,0,0,0,0,0,0,0.353846154,0.353846154,0.353846154,2.725775978,2.725775978,2.725775978,2.725775978,2.725775978,0.747998201,0.747998201,0.947998201,0.947998201,2.166673093,3.231501832,3.231501832,4.531501832,4.274358974,4.274358974,4.207692308,2.553846154,3.557692308,4.291025641,3.891025641,3.491025641,2.241025641,2.84029304,3.295970696,3.219047619,3.219047619,1.183333333,1.183333333,1.016666667,1.016666667,0.5,0.5,0.5,0.5,0,0,0
221,NC,NC,U,,,,,,,,,,,O,O?,670,630,40,7th,,,,,,,,,,,0,0,0,1,0,1,1,0,0,0,0,2,0,0,0,0,0,0,0,0,2,0,0,0,0,0,0,0,0,0,0,0,0,0,0,0,0,1,0,0,0,0,0,0,0,0,0,0,0,0,0,0,0,0,0,0,0,0,0,0,0,0,0,0,0,0,0,0,0,0,0,0,0,0,0,1,0,0,0,1,1,3,0,0,0,0,0,0,0,0,0,0,0,0,0,0,0,0,0,0,0,0,0,0,1,0,0,0,0,0,0,0,0,0,0,0,0,0,0,0,0,0,0,0,0,1,0,0,0,0,0,0,0,0,0,0,0,0,0,0,0,0,0,0,0,0,0,0,0,0,0,0,0,0,0,0,0,0,0,0,0,0,0,0,0,0.125,0.125,0.125,0.125,0.125,0.125,0.125,0.125,0,0,0
222,NC,NC,CT,x,,,,,,,,,,SM,SM?,1100,970,130,11th,,1,0.45,0.45,,,,,,,0,0,0,1,0,0,0,0,0,0,0,0,0,0,0,0,0,0,0,0,0,0,0,0,0,0,0,0,0,0,0,0,0,0,0,0,0,0,0,0,0,0,0,0,0,0,0,0,0,0,0,0,0,0,0,0,0,0,0,0,0,0,0,0,0,0,0,0,0,1,0,0,0,0,0,0,0,1,0,0,1,1,0,0,0,0,0,0,0,0,0,0,0,0,0,0,0,1,0,0,0,0,0,0,0,0,0,0,0,0,0,0,0,0,0,0,1,0,0,0,0,0,0,0,0,0,0.076923077,0.076923077,0.076923077,0.076923077,0.076923077,0.076923077,0.076923077,0.076923077,0.076923077,0.076923077,0.076923077,0.076923077,0.076923077,0,0,0,0,0,0,0,0,0,0,0,0,0,0,0,0,0,0,0,0,0,0,0,0,0,0,0,0,0,0,0,0,0,0,0,0,0
229,NC,NC,CT,,x,x,,,x,x,x,x,,EPG,EPG-EO,970,670,300,10th,,1.63,1.1,1.793,0.7,0.5,,,3,,3,9,12,8,0,0,1,1,0,0,0,2,0,2,2,0,1,1,0,0,8,1,0,0,1,4,0,0,0,0,0,2,0,0,0,0,0,0,0,0,0,0,0,3,0,0,0,0,9,1,0,0,0,3,0,4,0,0,0,0,3,0,1,1,0,2,0,0,1,1,4,0,0,0,0,0,0,9,21,3,33,41,5,0,3,0,0,0,0,1,0,1,1,4,2,0,0,0,0,2,2,1,1,13,12,1,0,1,0,0,1,1,0,3,2,1,0,2,2,0,1,1,2,7,14,3,0,0,0,0,0,0,0,0,0,0,0,0,0,0.210526316,0.210526316,0.210526316,0.210526316,0.210526316,0.65497076,0.65497076,0.65497076,0.65497076,0.32748538,0,0,0,0.2,0.2,0.2,0.7,0.7,0.25,0.25,0.25,0.25,1.54047619,2.664285714,2.664285714,2.664285714,3.45,3.45,3.283333333,3.283333333,0.5,0.5,0.5,0.5,0,0,0
242,NC,NC,CT,,,x,x,x,,,,,,MPG,MPG-PGB,920,810,110,10th,,,,,,,1.5,1,,,0,0,0,1,0,0,1,0,0,0,0,1,0,0,0,0,0,0,0,0,1,0,0,0,0,0,0,0,0,0,0,0,0,0,0,0,0,0,0,0,1,0,0,0,0,0,0,0,0,1,0,0,0,0,0,0,0,0,0,0,0,0,0,0,0,0,0,0,0,0,0,0,0,0,0,0,0,0,2,0,2,3,0,0,0,0,0,0,0,0,0,0,0,0,0,0,0,0,0,0,1,1,0,0,0,0,0,0,0,0,0,0,0,0,0,0,0,0,1,0,1,0,0,0,0,0,0,0,0,0,0,0,0,0,0,0,0,0,0,0,0,0,0,0,0.222222222,0.222222222,0.222222222,0.222222222,0.111111111,0,0,0,0.333333333,0.333333333,0.333333333,0,0,0,0,0,0,0,0,0,0,0,0,0,0,0,0,0,0,0,0,0
247,NC,NC,CT,,,,,,,,,,,,,,,0,#N/A,,,,,,,,,,,0,0,0,1,0,1,0,0,0,0,0,1,0,0,0,0,0,0,0,0,1,0,0,0,0,0,0,0,1,0,0,0,0,0,0,0,0,0,0,0,0,0,0,0,0,0,0,0,0,0,0,0,0,0,0,0,0,0,0,0,0,0,0,0,0,0,0,0,0,0,0,0,0,0,0,0,0,0,0,0,0,1,0,0,0,0,0,0,0,0,0,0,0,0,0,0,0,0,0,0,0,0,0,0,0,0,0,0,0,0,0,0,0,0,0,0,0,0,0,0,0,0,0,0,0,0,0,0,0,0,0,0,0,0,0,0,0,0,0,0,0,0,0,0,0,0,0,0,0,0,0,0,0,0,0,0,0,0,0,0,0,0,0,0,0,0,0,0,0,0,0,0,0,0,0,0
280,NC,NC,PB,,,,,,x,,,,,EG,EG,810,790,20,9th,,1,1.3,1.3,,,,,,,0,2,2,1.666666667,0,0,0,0,0,0,0,0,0,0,0,0,0,1,0,0,1,0,0,0,0,1,0,0,0,0,0,0,0,0,0,0,0,0,0,0,0,0,0,0,0,0,0,0,2,1,0,0,0,0,0,0,0,0,0,0,0,0,0,1,0,6,0,0,0,0,0,0,0,0,0,0,0,7,3,0,10,11,0,0,0,0,0,0,0,0,0,0,2,0,0,0,0,0,0,0,0,0,10,0,0,0,0,0,0,0,0,2,0,0,0,0,0,0,0,0,0,10,0,0,0,0,0,0,0,0,0,0,0,0,0,0,0,0,0,0,0,0,0,0,0,0,0,0,0,0,0,0,0,0,0,5,5,0,0,0,0,0,0,0,0,0,0,0,0,0,0,0,0,0,0,0
282,NC,NC,SG,x,,,,,,,,,,SM,SM,1100,970,130,11th,,1.35,0.72,0.972,,,,,1,,1,0,0,1,0,0,0,0,0,0,0,0,0,0,0,0,0,0,0,0,0,0,0,0,0,0,0,0,0,0,0,0,0,0,0,0,0,0,0,0,0,0,0,0,0,0,0,0,0,0,0,0,0,0,0,0,0,0,0,0,0,0,0,0,0,0,0,0,0,0,0,0,0,0,0,0,0,0,0,0,0,0,0,0,0,0,0,0,0,0,0,0,0,0,0,0,0,0,0,0,0,0,0,0,0,0,0,0,0,0,0,0,0,0,0,0,0,0,0,0,0,0,0,0,0,0,0,0,0,0,0,0,0,0,0,0,0,0,0,0,0,0,0,0,0,0,0,0,0,0,0,0,0,0,0,0,0,0,0,0,0,0,0,0,0,0,0,0,0,0,0,0,0,0,0,0
283,NC,NC,CT,,,,,x,x,x,x,x,x,PGB,PGB-LO,840,630,210,9th,,1.9,1.5,2.85,0.82,0.4,2.9,1.12,9,,9,16,21,15.33333333,0,52,23,0,0,0,0,75,0,1,0,0,2,0,3,0,81,5,6,11,1,2,1,7,28,2,0,0,0,7,0,0,0,6,0,4,0,0,0,9,3,0,1,3,16,6,1,0,0,11,0,6,0,2,3,0,2,0,0,0,0,15,0,0,1,1,22,0,1,0,0,0,0,19,61,23,103,184,9,7,6,0,0,0,0,0,0,3,7,5,1,0,0,0,0,0,0,32,31,24,13,3,0,0,0,0,3,3,4,4,2,0,0,0,0,1,30,12,25,16,16,3,0,0,0,0,0,0,0,0,0,0,0,0,0,0,0,0,0,0,0,0,0,0,0.076923077,0.153846154,0.153846154,1.564957265,7.964957265,7.964957265,7.964957265,9.672649573,8.805982906,4.697649573,4.697649573,4.364316239,4.253205128,5.07481685,5.996428571,5.996428571,5.996428571,3.65,3.65,3.65,3.65,0.75,0.75,0.75,0.75,0,0,0
285,NC,NC,CT,,x,x,x,x,x,x,x,x,x,EPG,EPG-LO,970,630,340,10th,,2.14,1.5,3.21,0.6,0.3,3.5,1.22,16,,16,19,26,20.33333333,2,61,29,0,0,0,0,92,1,5,0,0,2,4,1,0,105,15,6,23,1,16,1,2,27,0,0,0,0,2,0,1,2,4,0,1,2,0,0,24,3,0,1,0,19,8,0,0,1,8,0,10,0,1,6,0,4,0,0,30,0,11,1,2,3,1,23,0,0,0,1,1,0,52,87,21,160,266,27,18,2,0,0,0,0,4,1,3,2,0,0,9,0,1,0,12,56,26,14,2,8,41,0,4,1,2,1,1,1,0,0,9,1,12,38,22,21,3,12,1,6,44,0.055555556,0.055555556,0.055555556,0.055555556,0.055555556,0.055555556,0.055555556,0.055555556,0.055555556,0.055555556,0.409401709,0.409401709,0.409401709,1.735717499,1.735717499,1.735717499,1.735717499,1.735717499,7.969050832,7.969050832,9.769050832,9.769050832,7.854855086,5.786813187,5.786813187,5.386813187,6.482051282,6.482051282,6.782051282,3.653846154,6.053846154,3.720512821,2.520512821,1.320512821,0.820512821,0.596591814,0.372670807,0.372670807,0.706004141,1.795289855,1.795289855,1.461956522,1.461956522,10.71195652,10.71195652,10.71195652,10.71195652,0,0,0
286,NC,NC,CT,,,,,,x,,,,,EG,EG,810,790,20,9th,,0.95,0.92,0.874,0.66,0.15,1.5,0.8,,,0,3,3,2.333333333,0,0,0,0,0,0,0,0,0,0,0,0,0,0,0,0,0,0,0,0,0,0,0,0,0,0,0,0,0,0,0,0,0,0,0,0,0,0,0,1,0,0,0,0,3,0,0,0,0,0,0,2,0,0,0,0,0,0,0,1,0,1,0,0,0,0,0,0,0,0,0,0,0,2,6,0,8,8,0,0,0,0,0,0,0,0,0,0,3,0,0,0,0,0,0,0,0,0,8,0,0,0,0,0,0,0,0,3,0,0,0,0,0,0,0,0,0,8,0,0,0,0,0,0,0,0,0,0,0,0,0,0,0,0,0,0,0,0,0,0,0,0,0,0,0,0,0,0,0,0,0,4,4,0,0,0,0,0,0,0,0,0,0,0,0,0,0,0,0,0,0,0
287,NC,NC,CT,,,,x,x,x,x,x,x,x,LPG,LPG-LO,875,630,245,9th,,1.66,1.16,1.9256,,,2.7,1.05,5,,5,4,8,5.666666667,0,0,1,0,1,0,0,2,0,0,0,0,1,0,0,0,3,0,0,0,0,0,0,0,0,0,0,0,0,1,0,0,0,0,0,2,0,0,0,7,2,0,0,3,4,0,0,0,0,0,0,0,0,0,4,0,2,0,0,6,0,7,0,1,0,0,7,0,0,0,0,1,0,16,20,8,44,47,0,0,0,0,0,0,0,0,1,1,0,2,0,0,0,0,0,0,17,20,1,3,2,1,0,0,1,1,0,0,1,1,0,0,0,0,2,21,14,0,2,2,0,3,0,0,0,0,0,0,0,0,0,0,0,0,0,0.066666667,0.066666667,0.066666667,0.066666667,0.066666667,0.288888889,0.288888889,0.288888889,0.288888889,2.782173382,5.275457875,5.275457875,5.275457875,5.38974359,5.38974359,5.323076923,0.553846154,0.553846154,0.278846154,0.278846154,0.278846154,0.278846154,0.487637363,0.696428571,0.696428571,0.696428571,0.25,0.25,0.25,0.25,0.5,0.5,0.5,0.5,0,0,0
292,NC,NC,CT,,,,,x,x,x,x,x,x,PGB,PGB-LO,840,630,210,9th,,2.08,1.8,3.744,0.86,0.34,2.4,1.16,21,,21,37,43,33.66666667,3,26,33,2,4,0,0,68,6,0,0,1,4,13,2,0,94,27,13,7,2,12,0,1,0,1,0,0,0,5,0,1,2,6,0,4,0,0,0,30,5,0,2,2,37,12,2,3,0,23,0,27,0,0,3,0,1,0,0,12,0,17,0,2,7,3,51,1,0,0,0,1,0,42,147,52,241,334,33,2,10,1,0,0,0,0,0,2,8,17,7,3,0,0,0,0,0,35,53,66,52,33,0,0,0,0,2,2,6,12,11,4,0,0,0,0,33,9,55,28,66,48,0,0,0,0,0,0,0,0,0,0,0,0,0,0,0,0,0,0,0,0,0,0,0,0,0,0.711111111,8.511111111,8.511111111,9.011111111,8.28034188,11.74700855,13.01645299,11.41645299,9.149786325,8.538675214,10.53183761,12.725,12.725,13.39166667,15.39166667,15.39166667,14.725,14.725,10.125,10.125,10.125,10.125,0,0,0
294,NC,NC,CT,,,,,,,x,x,x,x,MG,MG-LO,790,630,160,8th,1.8,,,,0.8,0.24,2.8,0.75,3,,3,16,18,12.33333333,0,4,3,0,0,0,0,7,0,0,0,2,2,0,8,0,19,1,4,0,1,4,0,0,0,3,0,0,0,0,0,0,0,0,0,2,0,0,0,1,2,0,0,0,16,12,0,0,0,4,0,3,0,0,2,1,0,0,1,0,0,5,0,1,1,1,11,2,0,0,0,2,0,10,39,16,65,84,3,0,2,2,0,0,0,0,0,0,3,5,5,3,0,0,0,0,0,2,12,21,15,13,0,0,0,0,0,0,3,5,3,5,0,0,0,1,1,1,22,8,13,16,0,0,0,0,0,0,0,0,0,0,0,0,0,0,0,0,0,0,0,0,0,0,0.076923077,0.153846154,0.153846154,0.153846154,0.353846154,0.353846154,0.353846154,0.7,0.95,3.847222222,3.847222222,3.847222222,3.597222222,3.695634921,3.794047619,3.794047619,4.127380952,3.716666667,3.716666667,3.383333333,3.383333333,3.5,3.5,3.833333333,3.833333333,0.333333333,0,0
306,NC,NC,CT,,,,,x,x,x,x,x,,PGB,PGB-EO,840,670,170,9th,,2,1.8,3.6,0.74,0.28,1.7,0.9,4,,4,10,12,8.666666667,0,8,9,0,0,0,0,17,0,0,0,0,1,1,3,0,22,2,1,4,0,0,0,3,0,4,0,0,0,0,0,0,0,2,0,0,0,0,0,1,2,0,0,0,10,1,0,0,0,4,0,4,0,0,1,0,0,0,1,0,0,6,0,0,0,0,8,0,0,0,0,1,0,8,23,8,39,61,0,0,2,0,0,0,0,0,0,0,3,4,3,0,0,0,0,0,1,2,7,18,10,1,0,0,0,0,0,2,1,3,3,1,0,0,1,0,2,2,6,11,14,3,0,0,0,0,0,0,0,0,0,0,0,0,0,0.066666667,0.066666667,0.066666667,0.066666667,0.066666667,0.066666667,0.066666667,0.066666667,0.066666667,0.066666667,0.066666667,0.066666667,0.066666667,0.733333333,0.733333333,0.666666667,1,1,1.236111111,1.236111111,1.236111111,1.236111111,2.651984127,4.067857143,4.067857143,4.067857143,3.05,3.05,3.05,3.05,0.5,0.5,0.5,0.5,0,0,0
A,TK,NC,CT,,,,,x,x,x,x,,,PGB,PGB-LG,840,710,130,9th,,,,,,,,,,,0,3,4,2.666666667,0,0,0,0,0,0,0,0,0,0,0,0,0,0,0,0,0,0,0,0,0,0,0,0,0,0,0,0,0,0,0,0,0,0,0,0,0,0,0,1,1,0,0,0,3,0,0,0,0,1,0,0,0,0,0,0,0,0,0,0,0,0,0,0,0,0,1,0,0,0,0,0,0,0,6,1,7,7,1,0,0,0,0,0,0,0,0,0,2,1,0,0,0,0,0,0,0,1,2,4,0,0,0,0,0,0,0,1,1,1,0,0,0,0,0,0,1,1,2,3,0,0,0,0,0,0,0,0,0,0,0,0,0,0,0,0,0,0,0,0,0,0,0,0,0,0,0,0,0.333333333,0.333333333,0.333333333,0.5,0.6,0.322222222,0.322222222,0.322222222,0.322222222,0.63968254,0.957142857,0.957142857,0.957142857,0.1,0,0,0,0,0,0,0,0,0,0
B,TK,NC,N?,,,,,x,x,x,,,,PGB,PG-MG,840,745,95,9th,,,,,,,,,,,0,1,1,1,0,0,0,0,0,0,0,0,0,0,0,0,0,0,0,0,0,0,0,0,0,0,0,0,0,0,0,0,0,0,0,0,0,0,0,0,0,1,0,0,0,0,0,0,1,0,0,0,0,0,0,0,0,0,0,0,0,0,0,1,0,0,0,0,0,0,0,0,0,0,0,0,0,1,2,0,3,3,0,0,0,0,0,0,0,0,0,1,0,0,0,0,0,0,0,0,1,2,0,0,0,0,0,0,0,0,1,0,0,0,0,0,0,0,1,0,2,0,0,0,0,0,0,0,0,0,0,0,0,0,0,0,0,0,0,0,0,0,0,0,0.125,0.125,0.125,0.125,0.125,0.125,0.125,0.125,0.666666667,0.666666667,0.666666667,0,0,0,0,0,0,0,0,0,0,0,0,0,0,0,0,0,0,0,0,0
B60:I,AI,OTHER,CT,,x,x,x,x,,,,,,EPG,EPG-PGB,970,810,160,10th,,1.7,1.4,,,,,,2,0,2,0,10,4,0,3,5,0,0,0,0,8,0,0,0,0,0,0,1,0,9,0,0,2,0,5,0,0,0,0,0,0,0,0,0,0,0,0,0,0,1,1,0,4,5,0,0,0,0,0,0,0,0,0,0,0,0,0,4,0,5,27,0,0,0,12,0,0,0,0,0,0,0,0,0,0,0,44,15,0,59,68,0,0,0,0,0,0,0,0,0,0,0,0,0,0,0,0,26,3,26,2,0,0,0,0,0,0,0,0,0,0,0,0,0,0,26,3,20,6,2,0,0,0,0,0,1.130434783,1.130434783,1.130434783,1.130434783,1.130434783,1.130434783,1.130434783,1.130434783,1.130434783,1.130434783,1.130434783,1.130434783,1.130434783,1.512890923,1.512890923,1.512890923,1.512890923,1.512890923,4.374002034,4.374002034,4.374002034,4.374002034,4.517694599,3.530952381,3.530952381,3.530952381,0.733333333,0.733333333,0.666666667,0,0,0,0,0,0,0,0,0,0,0,0,0,0,0,0,0,0,0,0,0
B60:II,AI,OTHER,,,x,,,,,,,,,EPG,EPG,970,920,50,10th,,1.4,1.3,,,,,,1,0,1,0,0,1,0,0,2,0,0,0,0,2,0,0,0,0,1,0,0,0,3,1,1,0,0,1,0,0,0,0,0,0,0,0,0,0,0,0,0,0,1,2,0,0,0,0,0,0,0,0,0,0,0,0,0,0,0,0,0,0,0,0,0,0,0,0,0,0,0,0,0,0,0,0,0,0,0,0,3,0,3,6,0,0,0,0,0,0,0,0,0,0,0,0,0,0,0,0,0,3,0,0,0,0,0,0,0,0,0,0,0,0,0,0,0,0,0,3,0,0,0,0,0,0,0,0,0,0,0,0,0,0,0,0,0,0,0,0,0,0.6,0.6,0.6,0.6,0.6,0,0,0,0,0,0,0,0,0,0,0,0,0,0,0,0,0,0,0,0,0,0,0,0,0,0,0,0,0,0,0,0
B60:III,AI,OTHER,,,x,,,,,,,,,EPG,EPG,970,920,50,10th,,2,1.7,,,,,,1,0,1,0,1,1,0,1,1,0,0,0,0,2,0,0,0,0,0,0,0,0,2,0,0,0,0,0,0,0,0,0,0,0,0,0,0,0,0,0,0,0,2,0,0,1,0,0,0,0,0,0,0,0,0,0,0,0,0,0,0,0,1,0,0,1,0,0,0,0,0,0,0,0,0,0,0,0,0,2,3,0,5,7,0,0,0,0,0,0,0,0,0,0,0,0,0,0,0,1,0,4,0,0,0,0,0,0,0,0,0,0,0,0,0,0,0,0,1,4,0,0,0,0,0,0,0,0,0.055555556,0.055555556,0.055555556,0.055555556,0.055555556,0.055555556,0.055555556,0.055555556,0.055555556,0.055555556,0.055555556,0.055555556,0.055555556,0.855555556,0.855555556,0.855555556,0.855555556,0.855555556,0,0,0,0,0,0,0,0,0,0,0,0,0,0,0,0,0,0,0,0,0,0,0,0,0,0,0,0,0,0,0,0
B60:IV,AI,OTHER,,,x,,,,,,,,,EGP,EPG,970,920,50,10th,,1.5,0.85,,,,,,,0,0,0,1,1,0,4,2,0,0,0,0,6,0,0,0,0,0,0,0,0,6,1,0,2,0,1,0,0,0,0,0,0,0,0,0,0,0,0,0,0,1,2,0,0,1,0,0,0,0,0,0,0,0,0,0,0,0,0,0,0,0,2,0,0,0,0,0,0,0,0,0,0,0,0,0,0,0,2,4,0,6,12,0,0,0,0,0,0,0,0,0,0,0,0,0,0,0,0,1,4,1,0,0,0,0,0,0,0,0,0,0,0,0,0,0,0,1,4,1,0,0,0,0,0,0,0,0.043478261,0.043478261,0.043478261,0.043478261,0.043478261,0.043478261,0.043478261,0.043478261,0.043478261,0.043478261,0.043478261,0.043478261,0.043478261,0.843478261,0.843478261,0.843478261,0.843478261,0.843478261,0.265700483,0.265700483,0.265700483,0.265700483,0.154589372,0,0,0,0,0,0,0,0,0,0,0,0,0,0,0,0,0,0,0,0,0,0,0,0,0,0,0
B60:V,AI,OTHER,CT,,x,x,,,,,,,,EPG,EPG-MPG,970,875,95,10th,,1.7,2.3,,,,,,2,0,2,1,2,1.666666667,4,3,1,2,0,0,0,10,0,1,0,0,2,1,2,0,16,2,0,1,0,11,0,0,0,1,0,0,0,0,0,0,0,0,0,1,2,2,0,4,1,0,0,1,1,1,0,0,0,0,0,0,0,1,0,0,0,2,0,1,0,7,0,0,0,2,0,0,1,0,0,0,0,10,15,1,26,42,0,0,0,0,0,0,0,1,0,0,0,0,0,0,0,0,0,16,8,0,0,0,0,0,0,1,0,0,0,0,0,0,0,0,0,16,8,0,0,0,0,0,0,0,0,0,0,0,0,0,0,0,0,0,0,0,0,2.887719298,2.887719298,2.887719298,2.887719298,2.887719298,1.946052632,1.946052632,1.946052632,1.946052632,1.068859649,0.191666667,0.191666667,0.191666667,0.066666667,0.066666667,0,0,0,0,0,0,0,0,0,0,0,0,0,0,0,0,0,0,0,0,0,0
B60:VI,AI,OTHER,CT,,x,x,,,,,,,,EPG,EPG-MPG,970,875,95,10th,1.7,,,,,,2.1,,4,0,4,0,1,1.666666667,0,0,2,0,0,0,0,2,0,0,0,0,0,0,0,0,2,0,0,0,0,1,0,0,0,0,0,0,0,0,0,0,0,0,0,0,1,0,0,0,1,0,0,0,0,0,0,0,0,0,0,0,0,0,0,0,0,2,0,0,0,0,0,0,0,0,0,0,0,0,0,0,0,2,2,0,4,6,0,0,0,0,0,0,0,0,0,0,0,0,0,0,0,1,0,2,1,0,0,0,0,0,0,0,0,0,0,0,0,0,0,0,1,2,1,0,0,0,0,0,0,0,0.055555556,0.055555556,0.055555556,0.055555556,0.055555556,0.055555556,0.055555556,0.055555556,0.055555556,0.055555556,0.055555556,0.055555556,0.055555556,0.455555556,0.455555556,0.455555556,0.455555556,0.455555556,0.222222222,0.222222222,0.222222222,0.222222222,0.111111111,0,0,0,0,0,0,0,0,0,0,0,0,0,0,0,0,0,0,0,0,0,0,0,0,0,0,0
B60:VIII,AI,OTHER,,,x,x,,,,,,,,EPG,EPG-MPG,970,875,95,10th,,,,,,,,,,0,0,0,3,1.333333333,0,1,3,0,0,0,0,4,0,0,0,0,0,0,1,0,5,2,0,1,0,1,0,0,0,0,0,0,0,0,0,0,0,0,0,1,4,1,0,0,3,0,0,1,0,0,0,0,0,0,0,0,0,0,0,0,0,1,0,0,0,4,0,1,0,0,0,0,0,0,0,0,0,6,9,0,15,20,0,0,0,0,0,0,0,0,0,0,0,0,0,0,0,1,0,7,7,0,0,0,0,0,0,0,0,0,0,0,0,0,0,0,1,7,7,0,0,0,0,0,0,0,0.055555556,0.055555556,0.055555556,0.055555556,0.055555556,0.055555556,0.055555556,0.055555556,0.055555556,0.055555556,0.055555556,0.055555556,0.055555556,1.266081871,1.266081871,1.266081871,1.266081871,1.266081871,1.766081871,1.766081871,1.766081871,1.766081871,0.883040936,0,0,0,0,0,0,0,0,0,0,0,0,0,0,0,0,0,0,0,0,0,0,0,0,0,0,0
BLT,FOR,FOR,CT,,,x,,,,,,,,PG,PG?,920,840,80,10th,,2,1.25,2.5,,,,,5,,5,0,1,2,0,0,0,0,0,0,0,0,0,0,0,0,0,0,0,0,0,0,0,0,0,0,0,0,0,0,0,0,0,0,0,0,0,0,0,0,0,0,0,0,1,0,0,0,0,0,0,0,0,0,0,0,0,0,0,0,0,0,0,0,0,0,0,0,0,0,0,0,0,0,0,0,0,0,1,0,1,1,0,0,0,0,0,0,0,0,0,0,0,0,0,0,0,0,0,0,1,0,0,0,0,0,0,0,0,0,0,0,0,0,0,0,0,0,1,0,0,0,0,0,0,0,0,0,0,0,0,0,0,0,0,0,0,0,0,0,0,0,0,0,0.222222222,0.222222222,0.222222222,0.222222222,0.111111111,0,0,0,0,0,0,0,0,0,0,0,0,0,0,0,0,0,0,0,0,0,0,0,0,0,0,0
C00:17,MS,OTHER,PB?,,,,,,,,,x,,EO,EO-MO,710,670,40,8th,,,,,,,,,,,0,0,0,1,0,0,0,0,0,0,0,0,0,0,0,0,0,0,0,0,0,0,0,0,0,0,0,0,0,0,0,0,0,0,0,0,0,0,0,0,0,0,0,0,0,0,0,0,0,2,0,0,0,0,0,0,0,0,0,0,0,0,0,0,0,0,0,0,0,0,0,0,0,0,0,0,0,0,2,0,2,2,0,0,0,0,0,0,0,0,0,0,0,0,0,0,0,0,0,0,0,0,0,0,2,0,0,0,0,0,0,0,0,0,0,0,0,0,0,0,0,0,0,0,0,2,0,0,0,0,0,0,0,0,0,0,0,0,0,0,0,0,0,0,0,0,0,0,0,0,0,0,0,0,0,0,0,0,0,0,0,0,0,0,0,0.25,0.25,0.25,0.25,0.25,0.25,0.25,0.25,0,0,0
C00:4,MS,OTHER,PB?,,,,,,,,,x,x,O,O,710,630,80,8th,,,,,,,,,,,0,3,3,2.333333333,0,0,0,0,0,0,0,0,0,0,0,0,0,0,0,0,0,0,0,0,0,0,0,0,0,0,0,0,0,0,0,0,0,0,0,0,0,0,0,0,0,0,0,0,3,4,0,0,0,0,0,2,0,0,0,1,0,0,1,1,0,3,0,0,2,0,0,0,0,0,0,0,0,8,9,0,17,17,0,0,0,0,0,0,0,0,0,0,0,1,2,0,0,0,0,0,0,0,0,2,12,3,0,0,0,0,0,0,0,0,3,0,0,0,0,0,0,0,0,0,11,6,0,0,0,0,0,0,0,0,0,0,0,0,0,0,0,0,0,0,0,0,0,0,0,0,0,0,0,0,0,0,0,0,0,0,0,0.133333333,0.266666667,0.266666667,0.266666667,2.891666667,2.891666667,2.891666667,2.891666667,1.125,1.125,1.125,1.125,0,0,0
C00:7,MS,OTHER,PB?,,,,,,,,,x,,EO,EO,710,670,40,8th,,,,,,,,,,,0,1,1,1,0,0,0,0,0,0,0,0,0,0,0,0,0,0,0,0,0,0,0,0,0,0,0,0,0,0,0,0,0,0,0,0,0,0,0,0,0,0,0,0,0,0,0,0,1,0,0,0,0,1,0,0,0,0,0,0,0,0,0,0,0,0,0,0,0,0,0,0,0,0,0,0,0,0,2,0,2,2,0,0,1,0,0,0,0,0,0,0,0,0,1,0,0,0,0,0,0,0,0,0,2,0,0,0,0,0,0,0,0,0,1,0,0,0,0,0,0,0,0,0,2,0,0,0,0,0,0,0,0,0,0,0,0,0,0,0,0,0,0,0,0,0,0,0,0,0,0,0,0,0,0,0,0,0,0,0,0,0,0,0,0,0.5,0.5,0.5,0.5,0,0,0,0,0,0,0
C63:2,TK,OTHER,CT,,x,,,,,,,,,EPG,EPG,970,920,50,10th,,,,,,,1.8,1.25,1,1,2,1,3,2,0,2,1,0,0,0,0,3,0,0,0,0,0,0,0,0,3,0,0,2,0,1,0,0,0,0,0,0,0,0,0,0,0,0,0,0,1,0,0,1,1,0,0,0,1,1,0,0,0,0,0,0,0,0,2,0,1,0,0,9,0,0,0,0,0,0,0,0,0,0,0,1,0,10,7,1,18,21,1,0,0,0,0,0,0,1,0,0,0,0,0,0,0,1,0,17,0,0,0,0,0,0,0,1,0,0,0,0,0,0,0,0,1,17,0,0,0,0,0,0,0,0,0.055555556,0.055555556,0.055555556,0.055555556,0.055555556,0.055555556,0.055555556,0.055555556,0.055555556,0.055555556,0.255555556,0.255555556,0.255555556,3.255555556,3.255555556,3.255555556,3.255555556,3.255555556,0.2,0.2,0,0,0,0,0,0,0,0,0,0,0,0,0,0,0,0,0,0,0,0,0,0,0,0,0,0,0,0,0,0
C63:3,KEPH,OTHER,CT,,,x,,,,,,,,MPG,MPG,920,875,45,10th,,2,1.6,,,,4,1.35,1,0,1,0,1,1,0,0,2,0,0,0,0,2,0,0,0,0,0,0,0,0,2,1,0,0,0,1,0,0,0,0,0,0,0,0,0,0,0,0,0,0,1,0,0,0,1,0,0,0,0,0,0,0,0,0,0,0,0,0,0,0,0,0,0,0,0,0,0,0,0,0,0,0,0,0,0,0,0,0,2,0,2,4,0,0,0,0,0,0,0,0,0,0,0,0,0,0,0,0,0,0,2,0,0,0,0,0,0,0,0,0,0,0,0,0,0,0,0,0,2,0,0,0,0,0,0,0,0,0,0,0,0,0,0,0,0,0,0,0,0,0,0,0,0,0,0.444444444,0.444444444,0.444444444,0.444444444,0.222222222,0,0,0,0,0,0,0,0,0,0,0,0,0,0,0,0,0,0,0,0,0,0,0,0,0,0,0
C81,GYP,OTHER,CT,,,,,x,x,x,x,x,x,PGB,PGB-LO,840,630,210,9th,,2.6,1.5,,,,4,90,15,0,15,35,37,29,0,7,2,2,0,0,0,11,0,0,0,1,1,1,0,0,14,2,2,6,0,2,0,0,0,0,0,1,0,1,0,0,0,0,0,0,0,0,0,3,1,0,0,0,35,2,0,1,0,16,0,13,0,0,3,0,1,0,0,2,0,8,0,1,6,0,24,0,0,0,0,0,0,17,74,25,116,131,2,1,7,0,0,0,0,0,0,3,6,12,12,2,0,0,0,0,0,12,20,29,40,14,0,0,0,0,3,0,6,10,9,7,0,0,0,0,12,0,21,23,27,32,0,0,0,0,0,0,0,0,0,0,0,0,0,0,0,0,0,0,0,0,0,0,0,0,0,0.2,3.066666667,3.066666667,3.066666667,1.4,1.2,4.444444444,4.444444444,4.444444444,4.944444444,6.341269841,7.238095238,7.238095238,7.238095238,8.416666667,8.416666667,8.416666667,8.416666667,5.75,5.75,5.75,5.75,0,0,0
D,TK,NC,CT,,,,x,x,,,,,,LPG,LPG-PGB,875,810,65,9th,,1.8,1.2,2.16,,,4.5,1.2,,,0,1,9,3.666666667,0,1,7,0,0,0,0,8,0,0,0,0,0,0,1,0,9,1,0,1,0,1,2,0,0,0,0,0,1,1,0,0,0,0,0,0,1,0,0,5,4,0,0,0,1,1,0,0,0,0,0,0,0,0,4,0,4,0,0,3,0,11,1,0,0,3,3,0,0,0,0,1,0,22,16,4,42,51,0,0,0,0,0,0,0,0,0,1,0,0,0,0,0,0,0,0,14,26,2,0,0,0,0,0,0,0,1,0,0,0,0,0,0,0,0,19,21,1,1,0,0,0,0,0,0,0,0,0,0,0,0,0,0,0,0,0,0,0,0,0,0,0,0,0,2.384615385,4.769230769,4.769230769,4.769230769,7.235897436,7.235897436,7.235897436,1.453846154,1.453846154,0.153846154,0.153846154,0.153846154,0.153846154,0.076923077,0,0,0,0,0,0,0,0,0,0,0,0,0,0
D68:A,ATS,OTHER,CT,,,,,,x,x,x,x,,EG,EG-O,810,670,140,9th,,1.7,1.1,,,,1.1,0.9,,0,0,24,24,16.33333333,0,2,2,0,0,0,0,4,0,0,0,0,0,0,5,0,9,2,2,0,0,0,0,0,0,5,0,0,0,0,0,0,0,0,0,0,0,1,0,16,0,0,0,1,24,0,0,0,0,0,0,13,0,0,0,0,0,0,0,9,0,13,0,0,1,1,20,0,0,0,0,0,0,25,55,19,99,108,1,0,3,0,0,0,0,0,0,5,1,3,15,0,0,0,0,0,0,9,1,16,71,0,0,0,0,2,3,0,1,1,4,13,0,0,0,3,6,0,1,3,38,46,0,0,0,0,0,0,0,0,0,0,0,0,0,0.033333333,0.033333333,0.033333333,0.033333333,0.033333333,0.033333333,0.033333333,0.033333333,0.033333333,0.499396682,0.96546003,0.96546003,0.96546003,1.298793363,1.298793363,1.298793363,0.503921569,0.503921569,0.255555556,0.255555556,0.255555556,0.255555556,1.744030366,3.232505176,3.232505176,3.232505176,12.37536232,12.37536232,12.37536232,12.70869565,6.692028986,6.692028986,6.358695652,6.358695652,0,0,0
D68:B,ATS,OTHER,CT,,,,,,,,,,,,,,,0,#N/A,,,,,,,,,,0,0,0,0,1,0,0,0,0,0,0,0,0,0,0,0,0,0,0,0,0,0,0,0,0,0,0,0,0,0,0,0,0,0,0,0,0,0,0,0,0,0,0,0,0,0,0,0,0,0,0,0,0,0,0,0,0,0,0,0,0,0,0,0,0,0,0,0,0,0,0,0,0,0,0,0,0,0,0,0,0,0,0,0,0,0,0,0,0,0,0,0,0,0,0,0,0,0,0,0,0,0,0,0,0,0,0,0,0,0,0,0,0,0,0,0,0,0,0,0,0,0,0,0,0,0,0,0,0,0,0,0,0,0,0,0,0,0,0,0,0,0,0,0,0,0,0,0,0,0,0,0,0,0,0,0,0,0,0,0,0,0,0,0,0,0,0,0,0,0,0,0,0,0,0,0,0
E,TK,NC,CT,,,,x,,,,,,,LPG,LPG,875,840,35,9th,,1.6,0.58,0.928,,,,0.8,,,0,0,2,1,0,0,0,0,0,0,0,0,0,0,0,0,0,0,0,0,0,0,0,0,0,0,0,0,0,0,0,0,0,0,0,0,0,0,0,0,0,0,0,0,1,0,0,0,0,1,0,0,0,0,0,0,0,0,0,0,1,0,0,5,0,2,0,0,0,0,0,0,0,0,0,0,0,8,2,0,10,10,0,0,0,0,0,0,0,0,0,0,0,0,0,0,0,0,0,1,1,0,0,0,8,0,0,0,0,0,0,0,0,0,0,0,0,0,1,1,0,0,0,0,8,0,0,0,0,0,0,0,0,0,0,0,0,0,0,0.076923077,0.076923077,0.076923077,0.076923077,0.076923077,0.076923077,0.076923077,0.076923077,0.076923077,0.21978022,0.362637363,0.362637363,0.362637363,0,0,0,0,0,0,0,0,0,0.347826087,0.695652174,0.695652174,0.695652174,0.695652174,0.695652174,0.695652174,0.695652174,0.695652174,0.695652174,0.695652174,0.695652174,0,0,0
F,FOR,FOR,CT,,,,,x,x,x,x,x,,PGB,PGB-EO,840,670,170,9th,1.25,,,,,,,,13,,13,14,15,14,0,6,4,0,0,0,0,10,0,0,0,0,0,1,1,0,12,3,2,2,0,3,1,0,0,1,0,0,0,0,0,0,0,0,0,0,0,0,0,7,0,0,0,0,14,1,0,0,0,0,1,12,0,0,2,0,1,0,0,3,0,3,0,0,0,0,15,0,0,0,0,0,0,7,37,15,59,71,1,0,2,0,0,0,0,0,0,3,3,4,4,0,0,0,0,0,1,5,6,25,20,0,0,0,0,0,3,3,0,4,4,0,0,0,1,0,4,4,3,10,23,12,0,0,0,0,0,0,0,0,0,0,0,0,0,0.2,0.2,0.2,0.2,0.2,0.2,0.2,0.2,0.2,0.238461538,0.276923077,0.276923077,0.276923077,0.276923077,0.276923077,0.21025641,1.964102564,1.964102564,0.76965812,0.76965812,0.76965812,0.76965812,2.915833201,5.062008282,5.062008282,5.062008282,5.14057971,5.14057971,5.14057971,5.473913043,2.007246377,2.007246377,1.673913043,1.673913043,0,0,0
F/67: 1,F67,NC,CT,,,x,x,x,x,x,x,x,,PG,PG-O,920,670,250,10th,,,,,,,,,,,0,2,4,2.333333333,0,1,1,0,0,0,0,2,0,0,0,0,0,0,0,0,2,1,0,1,0,0,0,0,0,0,0,0,0,0,0,0,0,0,0,0,1,0,0,1,1,0,0,0,2,0,0,0,0,0,0,0,0,0,0,0,1,0,0,4,0,0,0,0,1,0,1,0,0,0,0,0,0,6,5,1,12,14,1,0,0,0,0,0,0,0,0,0,1,0,1,0,0,1,0,1,2,2,2,2,2,0,0,0,0,0,0,0,1,0,0,1,1,1,2,1,1,1,1,1,2,1,0.055555556,0.055555556,0.055555556,0.055555556,0.055555556,0.055555556,0.055555556,0.055555556,0.055555556,0.055555556,0.055555556,0.055555556,0.055555556,0.388888889,0.388888889,0.388888889,0.388888889,0.388888889,0.133333333,0.133333333,0.133333333,0.133333333,0.21025641,0.287179487,0.287179487,0.287179487,0.620512821,0.620512821,0.487179487,0.5,0.5,0.222222222,0.222222222,0.222222222,0.222222222,0.253968254,0.285714286,0.285714286,0.619047619,0.708333333,0.708333333,0.375,0.375,0.125,0.125,0.125,0.125,0,0,0
F/67: 10,F67,NC,CT,,,x,x,x,x,x,,,,PG,PG-G,920,745,175,10th,,,,,,,,,,,0,0,0,1,0,0,0,0,0,0,0,0,0,0,0,0,0,0,0,0,0,0,0,0,0,0,0,0,0,0,0,0,0,0,0,0,0,0,0,0,0,0,0,0,0,0,0,0,0,0,0,0,0,0,0,0,0,0,0,0,0,0,0,0,0,0,0,0,0,0,0,0,0,0,0,0,0,0,0,0,0,0,0,0,0,0,0,0,0,0,0,0,0,0,0,0,0,0,0,0,0,0,0,0,0,0,0,0,0,0,0,0,0,0,0,0,0,0,0,0,0,0,0,0,0,0,0,0,0,0,0,0,0,0,0,0,0,0,0,0,0,0,0,0,0,0,0,0,0,0,0,0,0,0,0,0,0,0,0,0,0,0,0,0,0,0,0,0,0,0,0,0,0,0,0,0
F/67: 11,F67,NC,CT,,,x,x,x,x,x,x,,,PG,PG-LG,920,710,210,10th,,,,,,,,,,,0,0,0,1,0,0,0,0,0,0,0,0,0,0,0,0,0,0,0,0,0,0,0,0,0,0,0,0,0,0,0,0,0,0,0,0,0,0,0,0,0,0,0,0,0,0,0,0,0,0,0,0,0,0,0,0,0,0,0,0,0,0,0,0,0,0,0,0,0,0,0,0,0,0,0,0,0,0,0,0,0,0,0,0,0,0,0,0,0,0,0,0,0,0,0,0,0,0,0,0,0,0,0,0,0,0,0,0,0,0,0,0,0,0,0,0,0,0,0,0,0,0,0,0,0,0,0,0,0,0,0,0,0,0,0,0,0,0,0,0,0,0,0,0,0,0,0,0,0,0,0,0,0,0,0,0,0,0,0,0,0,0,0,0,0,0,0,0,0,0,0,0,0,0,0,0
F/67: 14,F67,NC,CT,x,,x,x,x,x,x,,,,SM,SM-G*,1100,745,355,11th,,,,,,,,,,,0,0,0,1,0,0,0,0,0,0,0,0,0,0,0,0,0,0,0,0,0,0,0,0,0,0,0,0,0,0,0,0,0,0,0,0,0,0,0,0,1,0,0,0,0,0,0,0,0,0,0,0,0,0,0,0,0,0,0,0,0,0,0,0,0,0,0,0,0,0,0,0,0,0,0,0,0,0,1,0,1,1,0,0,0,0,0,0,0,0,0,0,0,0,0,0,0,1,0,0,0,0,0,0,0,0,0,0,0,0,0,0,0,0,0,0,1,0,0,0,0,0,0,0,0,0,0.076923077,0.076923077,0.076923077,0.076923077,0.076923077,0.076923077,0.076923077,0.076923077,0.076923077,0.076923077,0.076923077,0.076923077,0.076923077,0,0,0,0,0,0,0,0,0,0,0,0,0,0,0,0,0,0,0,0,0,0,0,0,0,0,0,0,0,0,0,0,0,0,0,0,0
F/67: 15,F67,NC,CT,,,,,,,,,,,,?,,,0,#N/A,,,,,,,,,,,0,0,0,1,0,0,0,0,0,0,0,0,0,0,0,0,0,0,0,0,0,0,0,0,0,0,0,0,0,0,0,0,0,0,0,0,0,0,0,0,0,0,0,0,0,0,0,0,0,0,0,0,0,0,0,0,0,0,0,0,0,0,0,0,0,0,0,0,0,0,0,0,0,0,0,0,0,0,0,0,0,0,0,0,0,0,0,0,0,0,0,0,0,0,0,0,0,0,0,0,0,0,0,0,0,0,0,0,0,0,0,0,0,0,0,0,0,0,0,0,0,0,0,0,0,0,0,0,0,0,0,0,0,0,0,0,0,0,0,0,0,0,0,0,0,0,0,0,0,0,0,0,0,0,0,0,0,0,0,0,0,0,0,0,0,0,0,0,0,0,0,0,0,0,0,0
F/67: 3,F67,NC,CT,,,x,x,x,x,x,x,,,PG,PG-LG,920,710,210,10th,,,,,,,,,,,0,0,0,1,0,0,1,0,0,0,0,1,0,0,0,0,0,0,0,0,1,1,0,0,0,0,0,0,0,0,0,0,0,0,0,0,0,0,0,0,0,0,0,0,0,0,0,0,0,0,0,0,0,0,0,0,0,0,0,0,0,0,0,0,0,0,0,0,0,0,0,0,0,0,0,0,0,0,0,0,0,1,0,0,0,0,0,0,0,0,0,0,0,0,0,0,0,0,0,0,0,0,0,0,0,0,0,0,0,0,0,0,0,0,0,0,0,0,0,0,0,0,0,0,0,0,0,0,0,0,0,0,0,0,0,0,0,0,0,0,0,0,0,0,0,0,0,0,0,0,0,0,0,0,0,0,0,0,0,0,0,0,0,0,0,0,0,0,0,0,0,0,0,0,0,0
F/67: 4,F67,NC,CT,,,,,,,x,x,x,,MG,MG-EO,790,670,120,8th,,,,,,,,,,,0,8,8,5.666666667,0,5,0,0,0,0,0,5,0,0,0,0,0,0,0,0,5,0,1,4,0,0,0,0,0,0,0,0,0,0,0,0,0,0,0,0,0,0,0,0,0,0,0,1,8,0,0,0,0,3,0,1,0,0,0,0,0,0,0,0,0,0,0,0,0,0,1,0,0,0,0,0,0,0,13,1,14,19,0,0,3,0,0,0,0,0,0,0,3,1,4,0,0,0,0,0,0,0,3,7,4,0,0,0,0,0,0,0,3,1,4,0,0,0,0,0,0,0,4,4,6,0,0,0,0,0,0,0,0,0,0,0,0,0,0,0,0,0,0,0,0,0,0,0,0,0,0,0,0,0,0,0,0,0.791666667,0.791666667,0.791666667,0.791666667,1.163095238,1.53452381,1.53452381,1.53452381,1.266666667,1.266666667,1.266666667,1.266666667,0,0,0,0,0,0,0
F/67: 5,F67,NC,CT,x,,,,,,x,x,x,,SM,SM-EO*,1100,670,430,11th,,,,,,,,,,,0,5,6,4,0,0,0,0,0,0,0,0,0,0,0,0,0,0,0,0,0,0,0,0,0,0,0,0,0,0,0,0,0,0,0,0,0,0,0,0,0,0,0,0,1,0,0,1,5,0,0,0,0,0,0,0,0,0,0,0,0,0,0,0,0,0,0,0,0,0,2,0,0,0,0,0,0,0,7,2,9,9,0,0,0,0,0,0,0,0,0,0,1,2,2,0,0,2,0,0,0,0,1,4,2,0,0,0,0,0,0,0,1,2,2,0,2,0,0,0,0,0,1,2,4,0,0.111111111,0.111111111,0.111111111,0.111111111,0.111111111,0.111111111,0.111111111,0.111111111,0.111111111,0.111111111,0.111111111,0.111111111,0.111111111,0.111111111,0.111111111,0.111111111,0.111111111,0.111111111,0,0,0,0,0,0,0,0,0,0,0,0,0,0.222222222,0.222222222,0.222222222,0.222222222,0.53015873,0.838095238,0.838095238,0.838095238,0.766666667,0.766666667,0.766666667,0.766666667,0,0,0,0,0,0,0
F/67: 8,F67,NC,CT,,,x,x,x,x,x,,,,PG,PG-G,920,745,175,10th,,,,,,,,,,,0,0,0,1,0,0,0,0,0,0,0,0,0,0,0,0,0,0,0,0,0,0,0,0,0,0,0,0,0,0,0,0,0,0,0,0,0,0,0,0,0,0,0,0,0,0,0,0,0,0,0,0,0,0,0,0,0,0,0,0,0,0,0,0,0,0,0,0,0,0,0,0,0,0,0,0,0,0,0,0,0,0,0,0,0,0,0,0,0,0,0,0,0,0,0,0,0,0,0,0,0,0,0,0,0,0,0,0,0,0,0,0,0,0,0,0,0,0,0,0,0,0,0,0,0,0,0,0,0,0,0,0,0,0,0,0,0,0,0,0,0,0,0,0,0,0,0,0,0,0,0,0,0,0,0,0,0,0,0,0,0,0,0,0,0,0,0,0,0,0,0,0,0,0,0,0
F/67: 9,F67,NC,CT,,,,,,,,x,x,,LG,LG-EO,745,670,75,8th,,,,,,,,,,,0,1,1,1,0,0,0,0,0,0,0,0,0,0,0,0,0,0,0,0,0,0,0,0,0,0,0,0,0,0,0,0,0,0,0,0,0,0,0,0,0,0,0,0,0,0,0,0,1,0,0,0,0,0,0,0,0,0,0,0,0,0,0,0,0,2,0,0,0,0,2,0,0,0,0,0,0,2,1,2,5,5,0,0,0,0,0,0,0,0,0,0,0,1,0,0,0,0,0,0,0,0,0,3,2,0,0,0,0,0,0,0,0,0,1,0,0,0,0,0,0,0,0,1,3,1,0,0,0,0,0,0,0,0,0,0,0,0,0,0,0,0,0,0,0,0,0,0,0,0,0,0,0,0,0,0,0,0,0,0,0,0.276190476,0.552380952,0.552380952,0.552380952,0.641666667,0.641666667,0.641666667,0.641666667,0.125,0.125,0.125,0.125,0,0,0
F1,TK,NC,CT,,,,x,x,x,x,x,x,,LPG,LPG-EO,875,670,205,9th,,1.2,1.32,1.584,1.15,0.15,4.05,1.25,,,0,6,8,5,0,0,0,0,0,0,0,0,0,0,0,0,0,0,0,0,0,0,0,0,0,0,0,0,0,0,0,0,0,0,0,0,0,0,0,0,0,0,0,0,1,0,0,0,6,0,0,0,0,0,0,1,0,0,0,0,1,0,0,2,0,0,0,1,0,0,2,0,0,0,0,0,0,4,8,2,14,14,0,0,0,0,0,0,0,0,1,0,2,1,2,0,0,0,0,0,5,0,3,3,3,0,0,0,1,0,0,0,2,1,1,1,0,0,2,3,0,1,2,1,4,1,0,0,0,0,0,0,0,0,0,0,0,0,0,0.066666667,0.066666667,0.066666667,0.066666667,0.066666667,0.191666667,0.191666667,0.191666667,0.191666667,0.620238095,1.048809524,1.048809524,1.048809524,0.066666667,0.066666667,0,0.5,0.5,0.444444444,0.444444444,0.444444444,0.444444444,0.498412698,0.552380952,0.552380952,0.552380952,0.891666667,0.891666667,0.891666667,0.891666667,0.125,0.125,0.125,0.125,0,0,0
G,TK,NC,CT,,,,x,x,x,x,,,,LPG,LPG-MG,875,750,125,9th,,3.15,2.2,6.93,,0.67,2.06,1.06,2,,2,12,32,15.33333333,0,0,10,0,0,0,0,10,0,0,0,0,1,0,2,0,13,0,0,0,0,0,0,0,0,2,0,0,0,0,0,0,0,10,0,0,0,1,0,26,9,0,1,8,12,7,0,0,0,1,0,0,0,1,6,0,11,0,0,20,0,23,0,1,0,5,7,0,0,0,0,1,0,60,72,8,140,153,22,0,6,1,0,0,0,0,0,2,10,0,0,0,0,0,0,0,11,75,52,0,1,0,0,0,0,0,2,7,3,0,0,0,0,0,1,10,73,46,8,0,0,1,0,0,0,0,0,0,0,0,0,0,0,0,0,0.055555556,0.055555556,0.055555556,0.055555556,0.055555556,0.055555556,0.055555556,0.455555556,0.455555556,1.598412698,2.741269841,2.741269841,5.763492063,17.41111111,17.41111111,17.41111111,33.07777778,29.87777778,2,2,2,1.777777778,0.888888889,0,0,0,0.125,0.125,0.125,0.125,0.125,0.125,0.125,0.125,0,0,0
H,TK,NC,CT,,,,,,x,x,x,x,,EG,EG-EO,810,670,140,9th,,10.6,0.85,9.01,0.72,0.37,2.28,1.18,5,,5,7,9,7,0,4,0,0,0,0,0,4,0,0,0,0,1,1,0,0,6,4,0,0,0,1,0,0,0,0,0,0,0,0,0,0,0,0,0,1,0,0,0,2,2,0,0,0,7,0,0,0,0,3,0,10,0,0,0,0,0,0,3,0,0,7,0,0,0,0,5,0,0,0,0,0,0,10,24,5,39,45,2,0,0,0,0,0,0,0,0,0,0,3,3,0,0,0,0,0,0,1,4,18,14,0,0,0,0,0,0,0,0,3,2,1,0,0,0,0,1,3,5,9,14,5,0,0,0,0,0,0,0,0,0,0,0,0,0,0,0,0,0,0,0,0,0,0,0,0,0,0.1,0.433333333,0.433333333,0.433333333,1.1,1.1,0.822222222,0.822222222,0.822222222,0.822222222,2.317115252,3.912008282,3.912008282,3.912008282,3.21557971,3.21557971,3.21557971,3.21557971,0.798913043,0.798913043,0.798913043,0.798913043,0,0,0
H3,KEPH,OTHER,CT,,,,,x,x,x,x,,,PGB,PG-LG,840,710,130,9th,,,,,,,,,,0,0,1,2,1.333333333,0,0,0,0,0,0,0,0,0,0,0,0,0,0,0,0,0,0,0,0,0,0,0,0,0,0,0,0,0,0,0,0,0,0,0,0,0,0,0,3,1,0,0,0,1,1,0,0,1,0,0,2,0,0,1,0,0,0,0,1,0,1,0,1,0,2,10,0,0,0,0,0,0,5,10,10,25,25,0,0,0,0,0,0,0,0,0,0,0,1,0,0,0,0,0,0,0,5,9,11,0,0,0,0,0,0,0,0,1,0,0,0,0,0,0,0,5,3,9,4,4,0,0,0,0,0,0,0,0,0,0,0,0,0,0,0,0,0,0,0,0,0,0,0,0,0,0,0,1.4,1.4,1.4,2.207692308,2.207692308,1.571581197,1.571581197,1.571581197,1.571581197,1.811385836,2.051190476,2.051190476,2.051190476,0.533333333,0.533333333,0.533333333,0.533333333,0,0,0,0,0,0,0
H6,KEPH,OTHER,TH,,x,x,x,x,x,,,,,EPG,EPG-EG,970,790,180,10th,,,,,,,,,,0,0,0,2,1,0,0,0,0,0,0,0,0,0,0,0,0,0,0,0,0,0,0,0,0,0,0,0,0,0,0,0,0,0,0,0,0,0,0,0,0,2,0,0,4,0,0,1,0,0,0,0,0,0,0,0,0,0,1,4,0,2,0,0,3,0,0,0,1,0,2,0,0,0,0,1,1,0,8,12,2,22,22,0,0,0,0,0,0,0,0,0,0,0,0,0,0,0,1,0,8,5,8,0,0,0,0,0,0,0,0,0,0,0,0,0,0,1,8,3,3,7,0,0,0,0,0,0.055555556,0.055555556,0.055555556,0.055555556,0.055555556,0.055555556,0.055555556,0.055555556,0.055555556,0.055555556,0.055555556,0.055555556,0.055555556,1.466081871,1.466081871,1.466081871,1.466081871,1.466081871,0.682748538,0.682748538,0.682748538,0.682748538,0.829011632,0.975274725,0.975274725,0.975274725,2.087179487,2.087179487,2.087179487,0.6,0.6,0,0,0,0,0,0,0,0,0,0,0,0,0,0,0,0,0,0,0
HB61:A,FOR,FOR,CT,,,,x,x,x,x,x,,,LPG,LPG-LG,875,710,165,9th,,1.5,1.5,,,,,,,0,0,3,7,3.666666667,2,5,1,0,0,0,0,8,0,0,0,0,0,0,0,0,8,1,0,5,0,1,0,1,0,0,0,0,0,0,0,0,0,0,0,0,0,0,1,3,3,0,0,0,3,3,0,0,0,0,0,0,0,0,1,0,1,0,0,1,1,4,0,0,0,5,4,0,0,0,0,1,0,12,14,5,31,39,1,1,0,0,0,0,0,0,0,2,0,1,0,0,0,0,0,0,2,11,6,9,1,0,0,0,0,0,2,0,0,1,0,0,0,0,0,3,10,4,3,5,3,1,0,0,0,0,0,0,0,0,0,0,0,0,0,0,0,0,0,0,0,0,0,0,0.362637363,0.725274725,0.725274725,0.825274725,3.587179487,3.587179487,3.587179487,1.7,1.7,0.547222222,0.547222222,0.547222222,0.547222222,1.250396825,2.053571429,2.053571429,2.053571429,0.525,0.525,0.525,0.525,0.125,0.125,0.125,0.125,0,0,0
II,FOR,FOR,CT,,,,x,x,x,x,x,x,x,LPG,LPG-LO,875,670,205,9th,,1.7,1.3,2.21,,,,,18,10,28,24,24,25.33333333,6,16,13,3,0,2,0,40,0,4,0,0,9,1,0,0,54,19,4,11,1,13,0,0,0,0,0,3,0,0,2,0,0,2,0,0,0,0,0,22,0,0,0,2,24,5,0,0,0,0,5,38,1,0,1,0,0,0,0,6,0,25,0,0,4,3,14,0,0,0,0,0,0,36,100,14,150,205,10,0,10,0,0,0,0,0,2,2,0,1,7,11,0,0,0,0,8,20,14,6,53,40,0,0,2,0,2,0,0,1,6,12,0,0,4,10,6,14,8,2,30,67,0,0,0,0,0,0,0,0,0,0,0,0,0,0.311111111,0.311111111,0.311111111,0.311111111,0.311111111,0.311111111,0.311111111,0.311111111,0.311111111,1.682073482,3.053035853,3.053035853,3.053035853,3.664564675,3.664564675,3.531231342,2.700095811,2.700095811,2.0889847,2.0889847,2.0889847,2.0889847,2.077279852,2.065575005,2.065575005,2.065575005,9.894254658,9.894254658,9.894254658,9.894254658,13.72282609,13.72282609,13.72282609,13.72282609,0,0,0
III,FOR,FOR,CT,,,x,,,,,,,,PG,PG,920,875,45,10th,,1,1,1,,,2,1,3,,3,3,4,3.333333333,0,0,5,0,0,0,0,5,0,0,0,0,0,0,0,0,5,5,0,0,0,0,0,0,0,0,0,0,0,0,0,0,0,0,0,0,2,0,0,0,1,0,0,0,3,0,0,0,0,0,0,0,0,0,1,0,0,0,0,0,0,0,0,0,0,0,0,0,0,0,0,0,1,0,7,1,8,13,4,0,0,0,0,0,0,0,3,0,0,0,0,0,0,0,0,2,5,0,0,0,0,0,0,0,3,0,0,0,0,0,0,0,0,0,5,2,0,0,0,0,0,0,0,0,0,0,0,0,0,0,0,0,0,0,0,0.342735043,0.342735043,0.342735043,0.342735043,0.342735043,0.342735043,0.342735043,0.342735043,0.342735043,0.628449328,0.914163614,0.914163614,0.914163614,0.188888889,0.188888889,0.055555556,0.055555556,0.055555556,0,0,0,0,0,0,0,0,0,0,0,0,0,0,0,0,0,0,0
IV,FOR,FOR,CT,,,x,,,,,,,,PG,PG,920,875,45,10th,,1.8,1.4,2.52,,,1,0.8,2,,2,2,5,3,0,0,0,0,0,0,0,0,0,0,0,0,0,0,0,0,0,0,0,0,0,0,0,0,0,0,0,0,0,0,0,0,0,0,0,0,3,0,0,2,2,0,0,0,2,0,0,0,0,0,0,0,0,0,0,0,1,3,0,0,0,0,0,0,0,0,0,0,0,0,0,0,0,4,9,0,13,13,0,0,0,0,0,0,0,0,2,0,0,0,0,0,0,0,3,0,10,0,0,0,0,0,0,0,2,0,0,0,0,0,0,0,0,3,9,1,0,0,0,0,0,0,0.115384615,0.115384615,0.115384615,0.115384615,0.115384615,0.115384615,0.115384615,0.115384615,0.115384615,0.115384615,0.115384615,0.115384615,0.115384615,0.493162393,0.493162393,0.493162393,0.493162393,0.493162393,1.250738151,1.250738151,1.250738151,1.250738151,0.917404817,0.584071484,0.584071484,0.584071484,0.468686869,0.468686869,0.202020202,0.111111111,0.111111111,0,0,0,0,0,0,0,0,0,0,0,0,0,0,0,0,0,0,0
IX,FOR,FOR,CT,,,x,,,,,,,,PG,PG,920,875,45,10th,,,,,,,,,,,0,0,2,1,0,0,2,0,0,0,0,2,0,1,0,0,0,0,0,1,4,2,0,0,1,1,0,0,0,0,0,0,0,0,0,0,0,0,0,0,2,0,0,0,1,0,0,0,0,0,0,0,0,0,0,0,0,0,0,0,1,0,0,0,0,0,0,0,0,0,0,0,0,0,0,0,0,1,3,0,4,8,1,0,0,0,0,0,0,0,0,0,0,0,0,0,0,0,0,0,3,0,0,0,0,0,0,0,0,0,0,0,0,0,0,0,0,0,1,2,0,0,0,0,0,0,0,0,0,0,0,0,0,0,0,0,0,0,0,0.066666667,0.066666667,0.066666667,0.066666667,0.066666667,0.066666667,0.066666667,0.066666667,0.066666667,0.352380952,0.638095238,0.638095238,0.638095238,0.066666667,0.066666667,0,0,0,0,0,0,0,0,0,0,0,0,0,0,0,0,0,0,0,0,0,0
J,TK,NC,CT,,x,x,x,x,,,,,,EPG,EPG-PGB,970,810,160,10th,,1.95,1.16,2.262,1,0.47,1.64,1.06,1,,1,2,8,3.666666667,2,0,2,0,0,0,1,5,1,0,0,0,6,0,2,0,14,4,0,0,0,6,0,0,0,0,0,0,0,0,1,0,0,1,0,2,3,0,0,3,5,0,6,0,2,2,0,0,0,0,0,1,0,0,3,0,1,0,0,8,0,23,1,1,0,2,1,0,0,0,0,2,0,37,25,3,65,79,26,0,0,1,0,0,0,2,0,0,0,0,0,0,0,0,0,44,18,3,0,0,0,0,0,2,0,0,0,0,0,0,0,0,0,44,18,1,2,0,0,0,0,0,0,0,0,0,0,0,0,0,0,0,2.6,2.6,2.6,5.252631579,5.252631579,5.252631579,5.252631579,5.252631579,7.360964912,7.360964912,4.760964912,4.760964912,2.644905533,0.528846154,0.528846154,0.528846154,0.820512821,0.820512821,0.820512821,0,0,0,0,0,0,0,0,0,0,0,0,0,0,0,0,0,0,0,0,0
K,TK,NC,CT,,x,x,x,,,,,,,EPG,EPG-LPG,970,840,130,10th,,,,,,,,,,,0,0,1,1,0,0,0,0,0,0,0,0,0,0,0,0,0,0,0,0,0,0,0,0,0,0,0,0,0,0,0,0,0,0,0,0,0,0,0,0,0,0,0,0,0,0,0,0,0,0,0,0,0,0,0,0,0,0,1,0,1,0,0,2,0,0,0,0,0,0,1,0,0,0,0,0,0,3,1,1,5,5,0,0,0,0,0,0,0,0,0,0,0,0,0,0,0,0,0,3,2,0,0,0,0,0,0,0,0,0,0,0,0,0,0,0,0,3,1,1,0,0,0,0,0,0,0,0,0,0,0,0,0,0,0,0,0,0,0,0.6,0.6,0.6,0.6,0.6,0.125,0.125,0.125,0.125,0.267857143,0.410714286,0.410714286,0.410714286,0,0,0,0,0,0,0,0,0,0,0,0,0,0,0,0,0,0,0,0,0,0,0,0
KT:2,KT,OTHER,TH,,,,,x,x,x,x,x,,PGB,PGB-EO,840,670,170,9th,,,,,,,,,,0,0,17,22,13.33333333,26,2,5,3,0,2,0,38,2,2,1,1,9,2,0,0,55,10,0,2,3,20,0,1,0,0,0,2,0,4,0,0,0,1,0,12,0,1,8,5,3,0,1,3,17,13,0,0,0,0,0,3,0,1,3,0,2,0,0,7,2,15,1,0,0,2,16,0,4,1,2,2,0,29,59,24,112,170,0,0,0,0,0,0,0,0,0,0,8,3,6,0,0,0,0,0,0,7,82,15,8,0,0,0,0,0,0,0,8,3,6,0,0,0,0,0,7,1,81,15,8,0,0,0,0,0,0,0,0,0,0,0,0,0,0,0,0,0,0,0,0,0,0,0,0,0,0,0,6.909184727,6.909184727,6.909184727,4.675851393,4.675851393,5.564740282,5.564740282,5.564740282,5.564740282,7.210521402,8.856302521,8.856302521,8.856302521,6.470588235,6.470588235,6.470588235,6.470588235,0,0,0,0,0,0,0
KT:3,KT,OTHER,CT,,,,,x,x,x,x,x,,PGB,PGB-EO,840,670,170,9th,,1.5,1.75,,0.6,,5,1.5,,,0,22,35,19.33333333,1,4,1,0,0,0,0,6,0,0,1,0,3,0,3,0,13,0,5,1,2,2,0,0,0,0,0,0,0,0,0,0,0,0,0,2,0,0,0,6,6,0,0,0,22,0,0,0,0,0,0,0,0,0,0,0,7,0,0,1,1,7,0,0,0,2,9,0,0,0,0,0,0,18,34,9,61,74,0,0,0,0,0,0,0,0,1,2,1,4,14,0,0,0,0,0,6,8,3,23,20,1,0,0,1,0,2,0,1,4,13,1,0,0,2,5,7,2,1,23,19,2,0,0,0,0,0,0,0,0,0,0,0,0,0,0.133333333,0.133333333,0.133333333,0.133333333,0.133333333,0.133333333,0.133333333,0.133333333,0.133333333,0.781684982,1.43003663,1.43003663,1.43003663,2.620512821,2.620512821,2.487179487,1.153846154,1.153846154,0.153846154,0.153846154,0.153846154,0.153846154,3.362637363,6.571428571,6.571428571,6.571428571,4.875,4.875,4.875,4.875,0.375,0.375,0.375,0.375,0,0,0
L,FOR,FOR,CT,,,x,x,x,,,,,,PG,PG-PGB,920,810,110,10th,,2.6,1.4,3.64,,,,,4,,4,3,11,6,1,2,1,0,0,0,0,4,0,0,0,0,0,0,0,1,5,1,0,2,0,1,0,0,0,0,0,0,0,0,0,0,0,0,0,1,4,0,1,2,6,0,0,3,3,4,0,0,0,0,0,1,0,2,1,0,2,6,0,9,0,20,0,0,0,1,0,0,0,0,0,0,0,38,27,0,65,70,3,0,0,0,0,0,0,0,1,2,0,0,0,0,0,0,3,3,43,10,2,0,0,0,0,0,1,0,2,0,0,0,0,0,0,3,18,31,3,6,0,0,0,0,0.076923077,0.076923077,0.076923077,0.076923077,0.076923077,0.076923077,0.076923077,0.076923077,0.076923077,0.076923077,0.201923077,0.201923077,0.201923077,1.488247863,1.488247863,1.488247863,1.488247863,1.488247863,1.363247863,1.363247863,1.363247863,1.363247863,5.836989808,10.31073175,10.31073175,10.31073175,2.108302602,2.108302602,1.174969269,0.713430807,0.713430807,0.540228193,0.540228193,0.540228193,0.540228193,0.33375046,0.127272727,0.127272727,0.127272727,0.066666667,0.066666667,0.066666667,0.066666667,0,0,0,0,0,0,0
L1,TK,NC,CT,,,x,x,x,,,,,,MPG,MPG-PGB,920,810,110,10th,,1.75,1.45,2.5375,0.65,0.29,1.35,0.97,3,,3,3,9,5,0,1,1,0,0,0,0,2,0,0,0,1,0,0,0,0,3,0,0,0,0,0,0,0,0,0,0,0,0,0,0,0,0,0,0,0,1,0,0,1,3,0,0,0,3,0,0,0,0,0,0,0,0,0,2,0,3,0,0,4,0,0,0,1,0,0,1,0,0,0,0,0,0,8,10,1,19,22,0,0,0,0,0,0,0,0,1,1,0,0,0,0,0,0,0,1,14,3,0,0,0,0,0,0,1,0,1,0,0,0,0,0,0,1,9,5,3,0,0,0,0,0,0,0,0,0,0,0,0,0,0,0,0,0,0,0.2,0.2,0.2,0.2,0.2,1.611111111,1.611111111,1.611111111,1.611111111,1.76984127,1.928571429,1.928571429,1.928571429,1,1,1,0,0,0,0,0,0,0,0,0,0,0,0,0,0,0,0,0,0,0,0,0
LST,FOR,FOR,CT,,,x,x,x,x,x,x,,,PG,PG-LG,920,710,210,10th,,,,,,,,1.25,,,0,6,6,4.333333333,0,0,0,0,0,0,0,0,0,0,0,0,0,1,0,0,1,0,0,0,0,1,0,0,0,0,0,0,0,0,0,0,0,0,0,0,0,0,0,2,0,0,0,0,6,1,0,0,0,0,0,1,0,0,1,0,0,0,0,3,0,2,0,0,0,0,4,0,0,0,0,0,0,5,11,4,20,21,0,0,0,0,0,0,0,0,3,2,0,1,0,0,0,0,0,0,5,2,3,7,1,0,0,0,3,0,2,0,0,1,0,0,0,0,5,0,2,1,2,4,3,1,0,0,0,0,0,0,0,0,0,0,0,0,0,0.366666667,0.366666667,0.366666667,0.366666667,0.366666667,0.366666667,0.366666667,0.366666667,0.366666667,0.366666667,0.366666667,0.366666667,0.366666667,0.471929825,0.471929825,0.338596491,0.610025063,0.610025063,0.443358396,0.443358396,0.443358396,0.443358396,1.019298246,1.595238095,1.595238095,1.595238095,0.663095238,0.663095238,0.663095238,0.663095238,0.125,0.125,0.125,0.125,0,0,0
M,TK,NC,CT,,,x,x,x,x,x,x,,,EG,EG-LG,920,710,210,10th,,1.25,0.96,1.2,0.5,0.23,0.57,0.86,4,,4,5,10,6.333333333,0,1,0,0,0,0,0,1,0,0,0,1,0,0,0,0,2,0,0,0,0,0,0,0,0,0,0,0,0,0,0,0,0,0,0,0,0,0,0,1,2,0,0,0,5,3,0,0,0,0,0,1,0,0,1,0,3,0,0,1,0,0,0,2,0,0,3,0,0,0,0,0,0,6,13,3,22,24,0,0,0,0,0,0,0,0,0,0,4,1,0,0,0,0,0,0,2,1,16,3,0,0,0,0,0,0,0,4,0,1,0,0,0,0,2,0,1,7,10,2,0,0,0,0,0,0,0,0,0,0,0,0,0,0,0,0.066666667,0.066666667,0.066666667,0.066666667,0.066666667,0.288888889,0.288888889,0.288888889,0.288888889,0.177777778,0.066666667,0.066666667,0.066666667,0.4,0.4,0.333333333,3.807692308,3.807692308,1.988247863,1.988247863,1.988247863,1.988247863,1.342338217,0.696428571,0.696428571,0.696428571,0,0,0,0,0,0,0,0,0,0,0
N,TK,NC,CT,,,,x,x,x,x,,,,LPG,LPG-MG,875,745,130,9th,,3,2.2,6.6,,,0.8,1,2,,2,6,8,5.333333333,2,4,21,0,0,0,0,27,0,0,0,0,0,0,0,0,27,3,2,2,0,0,0,0,0,0,0,0,0,0,0,2,0,2,0,0,0,0,0,3,1,0,0,1,6,2,0,0,0,1,0,0,0,0,8,0,1,0,0,3,0,6,0,0,0,3,6,0,0,0,0,0,0,13,22,6,41,68,2,0,0,0,0,0,0,0,0,2,4,0,0,0,0,0,0,0,2,22,16,0,1,0,0,0,0,0,2,3,1,0,0,0,0,0,0,6,18,11,5,0,1,0,0,0,0,0,0,0,0,0,0,0,0,0,0,0,0,0,0,0,0,0,0,0,0.652230123,1.304460246,1.304460246,1.904460246,5.333031674,5.333031674,5.333031674,7.371493213,6.771493213,1.042735043,1.042735043,1.042735043,1.042735043,0.564845782,0.086956522,0.086956522,0.086956522,0.086956522,0.086956522,0.086956522,0.086956522,0.086956522,0.086956522,0.086956522,0.086956522,0,0,0
O,TK,NC,CT,,,,,x,x,x,x,x,x,PG,PG-LG,920,630,290,10th,,2,1.5,3,,,1.9,1.14,19,,19,18,24,20.33333333,0,4,1,0,0,0,0,5,0,0,0,0,0,1,1,0,7,1,0,2,0,1,0,0,0,0,0,0,0,0,0,0,0,0,0,1,1,0,0,2,4,0,0,0,18,2,0,0,0,3,0,3,0,0,1,0,2,0,0,4,0,1,0,0,0,1,6,0,0,0,0,0,0,8,34,6,48,55,5,0,0,0,0,0,0,1,2,3,4,7,1,0,0,0,0,4,10,7,11,11,4,1,0,1,1,2,2,2,2,5,2,1,0,4,2,10,4,6,6,7,5,4,0,0,0,0,0,0,0,0,0,0,0.066666667,0.066666667,0.066666667,0.638596491,0.638596491,0.638596491,0.638596491,0.638596491,0.460818713,0.460818713,0.660818713,0.660818713,1.650922177,2.641025641,2.641025641,2.374358974,1.441025641,1.566025641,1.999358974,3.525,3.025,1.236111111,1.236111111,1.236111111,1.236111111,1.822222222,2.533333333,2.533333333,2.533333333,1.158333333,1.158333333,1.158333333,1.158333333,0.625,0.625,0.625,0.625,0,0,0
OD,FOR,FOR,CT,,,,,x,,,,,,PGB,PGB,840,810,30,9th,,0.75,0.75,0.5625,,,,0.75,4,,4,6,8,6,1,0,1,0,0,0,0,2,0,0,0,0,0,0,0,0,2,1,0,0,0,0,0,0,0,0,0,0,0,0,0,0,0,0,0,0,0,0,0,3,1,0,0,3,6,7,0,0,0,0,0,3,0,1,2,0,1,0,0,5,0,1,0,2,0,3,3,0,0,0,0,0,0,12,26,3,41,43,4,0,0,0,0,0,0,0,3,3,0,0,0,0,0,0,3,0,7,21,10,0,0,0,0,0,3,0,3,0,0,0,0,0,0,3,5,7,15,10,1,0,0,0,0.115384615,0.115384615,0.115384615,0.115384615,0.115384615,0.115384615,0.115384615,0.115384615,0.115384615,0.115384615,0.115384615,0.115384615,0.115384615,0.415384615,0.415384615,0.415384615,0.415384615,0.415384615,0.415384615,0.415384615,0.415384615,0.415384615,1.272125913,2.128867211,2.128867211,2.128867211,6.27631615,6.27631615,6.142982817,2.040418714,2.040418714,1.03845793,1.03845793,1.03845793,1.03845793,0.57894376,0.11942959,0.11942959,0.11942959,0.058823529,0.058823529,0.058823529,0.058823529,0,0,0,0,0,0,0
P,FOR,FOR,CT,,,,x,x,x,x,x,x,x,LPG,LPG-LO,875,630,245,9th,,,,,,,,,43,,43,82,91,72,2,66,29,0,0,0,0,97,0,9,0,0,9,6,7,0,128,11,13,40,8,18,3,0,3,0,1,0,0,0,4,0,1,22,0,3,1,1,0,53,5,0,1,3,82,11,0,6,0,13,3,94,2,2,9,0,4,19,0,15,0,52,0,3,11,1,64,1,0,0,0,0,0,103,287,66,456,584,32,3,25,5,0,0,0,0,0,1,2,9,44,24,0,0,1,1,29,14,38,40,220,97,0,0,0,0,1,1,2,8,20,48,0,1,21,13,4,21,25,27,115,213,0,0,0,0,0,0,0,0,0,0,0.125,0.125,0.125,1.53525641,1.53525641,1.53525641,1.53525641,1.53525641,1.41025641,1.41025641,1.41025641,1.41025641,3.264735265,5.119214119,5.119214119,5.119214119,4.934020366,4.934020366,3.600687032,5.164423296,5.164423296,5.214423296,5.214423296,5.214423296,5.214423296,9.306303498,13.3981837,13.3981837,13.3981837,36.25186335,36.25186335,36.25186335,36.58519669,41.71376812,41.71376812,43.38043478,41.38043478,0,0,0
P2,FOR,FOR,CT,,,,,,,,x,x,,LG,LG-EO,745,670,75,8th,,,,,,,,,18,,18,17,19,18,0,0,1,0,0,0,0,1,0,2,0,0,0,0,0,0,3,0,0,0,2,0,0,0,0,0,0,0,0,0,0,0,0,1,0,0,0,0,0,13,2,0,0,0,17,0,0,0,0,0,1,20,0,0,1,0,0,0,0,5,0,3,0,4,0,0,14,0,0,0,0,1,0,12,55,14,81,84,3,0,9,0,0,0,0,0,0,0,0,7,10,0,0,0,0,0,0,0,3,29,47,1,0,0,0,0,0,0,1,5,9,2,0,0,0,0,0,0,5,15,38,22,0,0,0,0,0,0,0,0,0,0,0,0,0,0,0,0,0,0,0,0,0,0,0,0,0,0,0,0,0,0.2,0.2,0.672222222,0.672222222,0.672222222,0.672222222,3.547446515,6.422670807,6.422670807,6.422670807,10.31195652,10.31195652,10.31195652,10.64528986,3.295289855,3.295289855,2.961956522,2.961956522,0,0,0
Q,TK,NC,CT,,,x,x,x,x,x,x,x,,MPG,MPG-O,920,670,250,10th,,2.51,2.26,5.6726,0.815,0.53,1.34,1.29,16,,16,19,28,21,2,7,7,0,0,0,0,16,0,0,0,0,2,1,4,0,23,9,1,2,2,6,0,0,0,0,0,0,0,0,0,0,0,1,0,0,2,0,0,13,8,0,1,1,19,22,0,0,0,6,0,7,0,2,3,0,1,0,1,10,0,7,0,2,0,6,4,1,0,0,0,1,0,28,84,5,117,140,4,0,1,2,0,0,0,0,0,4,2,7,6,0,0,0,0,4,26,49,5,15,15,1,0,0,0,1,3,1,1,7,2,4,0,4,15,14,46,2,5,11,7,11,0,0,0,0,0,0,0,0,0,0,0,0,0,0.515789474,0.515789474,0.515789474,0.515789474,0.515789474,3.23245614,3.23245614,3.63245614,3.63245614,3.743425872,3.854395604,3.854395604,3.854395604,14.86153846,14.86153846,14.86153846,2.4,2.4,0.916666667,0.916666667,0.916666667,0.916666667,2.288095238,3.65952381,3.65952381,3.65952381,2.766666667,2.766666667,2.766666667,2.766666667,1.5,1.5,1.5,1.5,0,0,0
TFT,FOR,FOR,CT,,,,,x,x,x,x,x,,PGB,PGB-EO,840,670,170,9th,1.25,,,,,,,,12,3,15,15,24,18,0,6,2,0,0,0,0,8,0,1,0,0,1,0,1,0,11,5,0,3,0,1,0,0,0,1,0,0,0,0,0,0,0,1,0,0,0,0,0,9,6,0,0,0,15,4,0,0,0,0,1,21,0,0,3,0,3,0,0,1,1,3,0,0,0,3,23,0,0,0,0,0,0,9,59,25,93,104,9,0,6,0,0,0,0,0,2,2,6,4,1,0,0,0,0,0,4,10,33,30,11,0,0,0,2,0,2,3,3,3,2,0,0,0,4,0,7,16,22,13,21,5,0,0,0,0,0,0,0,0,0,0,0,0,0,0.3,0.3,0.3,0.3,0.3,0.3,0.3,0.3,0.3,0.415384615,0.530769231,0.530769231,0.530769231,2.506207827,2.506207827,2.439541161,5.621592443,5.621592443,5.154925776,5.154925776,5.154925776,5.154925776,5.691748602,6.228571429,6.228571429,6.228571429,4.275,4.275,4.275,4.275,0.625,0.625,0.625,0.625,0,0,0
V,FOR,FOR,CT,,,x,,,,,,,,PG,PG,920,875,45,10th,1,,,,,,3.5,1.25,,,0,1,4,2,0,0,0,0,0,0,0,0,0,0,0,0,0,0,0,0,0,0,0,0,0,0,0,0,0,0,0,0,0,0,0,0,0,0,0,0,2,0,0,1,2,0,0,0,1,1,0,0,0,0,0,0,0,0,0,0,1,9,0,1,0,0,0,0,0,0,1,0,0,0,0,1,0,11,9,0,20,20,0,0,0,0,0,0,0,0,1,0,0,0,0,0,0,0,0,4,15,0,0,0,0,0,0,0,1,0,0,0,0,0,0,0,0,2,17,0,0,0,0,0,0,0,0,0,0,0,0,0,0,0,0,0,0,0,0,1.219928025,1.219928025,1.219928025,1.219928025,1.219928025,1.66437247,1.66437247,1.66437247,1.66437247,1.33688709,1.009401709,1.009401709,1.009401709,0.855555556,0.855555556,0.055555556,0.055555556,0.055555556,0,0,0,0,0,0,0,0,0,0,0,0,0,0,0,0,0,0,0
VI,FOR,FOR,CT,,,x,,,,,,,,PG,PG,920,875,45,10th,,2.25,1.75,3.9375,,,,,3,,3,2,6,3.666666667,10,2,3,0,0,0,0,15,1,2,0,0,1,0,3,0,22,4,0,0,0,13,1,0,2,0,0,0,0,0,0,0,0,2,0,0,4,4,0,0,3,0,0,0,2,2,0,0,0,1,0,0,0,2,0,0,1,14,0,5,1,4,0,2,0,6,0,0,0,0,0,0,2,32,19,2,53,76,5,2,0,0,0,0,0,0,0,2,0,0,0,0,0,0,15,12,20,3,0,0,0,0,0,0,0,0,2,0,0,0,0,0,0,24,23,1,2,0,0,0,0,0,0.576923077,0.576923077,0.576923077,0.576923077,0.576923077,0.576923077,0.576923077,0.576923077,0.576923077,0.576923077,0.576923077,0.576923077,0.576923077,4.007692308,4.007692308,4.007692308,4.007692308,4.007692308,2.207692308,2.207692308,2.207692308,2.207692308,2.284615385,2.361538462,2.361538462,2.361538462,1.553846154,1.553846154,0.220512821,0.066666667,0.066666667,0.066666667,0.066666667,0.066666667,0.066666667,0.066666667,0.066666667,0.066666667,0.066666667,0.066666667,0.066666667,0.066666667,0.066666667,0,0,0,0,0,0,0
VII,FOR,FOR,CT,,,x,x,x,x,x,x,x,,MPG,MPG-O,920,670,250,10th,1.25,,,,,,,,12,2,14,14,14,14,1,2,0,0,0,0,0,3,0,0,1,0,1,0,0,0,5,1,0,1,0,1,0,0,0,1,0,0,0,0,0,0,0,0,0,0,0,0,0,4,0,0,0,0,14,0,0,0,0,0,0,17,0,0,1,0,0,1,0,1,0,4,0,0,1,0,11,1,0,0,0,0,0,7,36,12,55,60,1,0,4,1,0,0,0,0,1,1,2,3,7,0,0,0,0,0,2,2,9,15,23,0,0,0,1,0,1,0,2,3,2,5,0,0,2,0,1,2,8,9,16,13,0,0,0,0,0,0,0,0,0,0,0,0,0,0.155555556,0.155555556,0.155555556,0.155555556,0.155555556,0.155555556,0.155555556,0.155555556,0.155555556,0.194017094,0.232478632,0.232478632,0.232478632,0.33774179,0.33774179,0.271075124,0.571075124,0.571075124,1.626630679,1.626630679,1.626630679,1.626630679,2.752652814,3.878674948,3.878674948,3.878674948,4.632246377,4.632246377,4.632246377,4.632246377,1.798913043,1.798913043,1.798913043,1.798913043,0,0,0
VIII,FOR,FOR,CT,,x,x,x,x,x,x,,,,EPG,EPG-G*,970,745,225,10th,,1.6,0.8,1.28,,,3,1,,,0,7,9,5.666666667,1,1,11,0,0,0,0,13,1,0,0,0,0,0,0,0,14,8,0,0,0,4,0,0,0,0,0,0,0,1,0,0,0,0,0,1,3,2,0,12,2,0,0,0,7,5,0,0,0,0,0,5,0,0,0,0,0,0,0,1,0,12,0,0,0,0,5,0,0,0,0,1,1,13,37,6,56,70,1,0,0,0,0,0,0,0,0,0,2,5,0,0,0,5,1,0,5,4,14,15,5,0,0,0,0,0,0,0,2,3,2,0,5,1,4,1,0,8,10,10,10,0,0.277777778,0.277777778,0.277777778,0.277777778,0.277777778,0.277777778,0.277777778,0.277777778,0.277777778,0.277777778,0.402777778,0.402777778,0.402777778,0.669444444,0.669444444,0.669444444,0.669444444,0.669444444,0.266666667,0.266666667,0.266666667,0.266666667,0.593672994,0.920679321,0.920679321,0.920679321,0.950754509,0.950754509,0.684087842,1.137933996,1.137933996,2.554600662,2.554600662,2.554600662,2.554600662,3.335708952,4.116817241,4.116817241,4.116817241,1.184782609,1.184782609,1.184782609,1.184782609,0.434782609,0.434782609,0.434782609,0.434782609,0,0,0
X,FOR,FOR,CT,,,,,x,x,x,x,,,PGB,PGB-LG,840,710,130,9th,,2,1.5,3,,,3,1.25,16,5,21,21,26,22.66666667,2,15,7,0,0,0,0,24,0,0,1,0,1,1,13,0,40,5,2,9,13,3,0,0,0,0,0,0,0,0,0,0,0,4,0,0,0,0,0,9,2,0,0,4,21,10,0,0,0,1,0,15,0,0,4,0,3,7,0,7,7,25,0,2,0,9,14,0,3,0,0,1,0,60,66,18,144,185,13,0,5,0,0,0,0,0,2,7,8,4,0,0,0,0,2,0,14,48,49,13,0,0,0,0,2,0,7,0,8,4,0,0,0,2,8,10,28,27,40,9,2,0,0.076923077,0.076923077,0.076923077,0.076923077,0.076923077,0.076923077,0.076923077,0.076923077,0.076923077,0.076923077,0.076923077,0.076923077,0.076923077,0.71025641,0.71025641,0.71025641,0.71025641,0.71025641,0.71025641,0.71025641,0.71025641,0.71025641,2.520779221,4.331302031,4.331302031,4.331302031,10.63346468,10.63346468,10.30013134,6.459105703,6.459105703,8.970216814,8.970216814,8.970216814,8.970216814,6.781270089,4.592323363,4.592323363,4.592323363,0.542156863,0.542156863,0.542156863,0.542156863,0,0,0,0,0,0,0
XI,FOR,FOR,CT,,,,x,,,,,,,LPG,LPG?,875,840,35,9th,2.25,,,,,,,1.25,,,0,2,15,6,3,8,7,0,1,0,0,19,3,0,0,1,1,0,1,0,25,7,0,4,1,5,1,0,1,1,0,0,0,0,0,0,0,4,0,1,5,2,0,0,9,0,0,0,2,2,0,0,0,0,0,0,0,0,0,0,4,20,0,1,0,0,0,0,0,1,0,0,0,0,0,0,0,26,20,0,46,72,7,2,0,0,0,0,0,0,0,2,0,0,0,0,0,0,5,16,22,2,0,0,0,0,0,0,0,0,2,0,0,0,0,0,0,14,28,1,2,0,0,0,0,0,0.192307692,0.192307692,0.192307692,0.192307692,0.192307692,0.192307692,0.192307692,0.192307692,0.192307692,0.192307692,0.192307692,0.192307692,0.192307692,3.997435897,3.997435897,3.997435897,3.997435897,3.997435897,2.197435897,2.197435897,2.197435897,2.197435897,2.34029304,2.483150183,2.483150183,2.483150183,1.466666667,1.466666667,0.066666667,0.066666667,0.066666667,0.066666667,0.066666667,0.066666667,0.066666667,0.066666667,0.066666667,0.066666667,0.066666667,0.066666667,0.066666667,0.066666667,0.066666667,0,0,0,0,0,0,0
Theta,FOR,FOR,CT,,,x,,,,,,,,PG,PG,920,875,45,10th,1.5,,,,,,,,2,,2,2,6,3.333333333,0,1,1,0,0,0,0,2,0,0,0,0,2,0,0,0,4,1,0,0,0,1,0,0,0,0,0,0,0,0,1,0,0,0,0,0,2,1,0,1,2,0,0,0,2,1,0,0,0,0,0,0,0,0,0,0,2,8,0,0,0,0,0,0,0,0,0,0,0,0,0,0,0,10,9,0,19,23,0,0,0,1,0,0,0,0,2,0,0,0,0,0,0,1,2,3,11,0,0,0,0,0,0,0,2,0,0,0,0,0,0,0,1,3,13,0,0,0,0,0,0,0,0.132478632,0.132478632,0.132478632,0.132478632,0.132478632,0.132478632,0.132478632,0.132478632,0.132478632,0.132478632,0.132478632,0.132478632,0.132478632,1.21965812,1.21965812,1.21965812,1.21965812,1.21965812,0.964102564,0.964102564,0.964102564,0.964102564,0.964102564,0.964102564,0.964102564,0.964102564,0.733333333,0.733333333,0,0,0,0,0,0,0,0,0,0,0,0,0,0,0,0,0,0,0,0,0,0
Pi,FOR,FOR,CT,x,x,x,x,x,x,x,x,x,,SM,SM-O*,1100,670,430,11th,2.5,,,,,,,1.5,,,0,0,2,1,0,1,0,0,0,0,0,1,0,0,0,0,0,0,1,0,2,1,0,0,0,1,0,0,0,0,0,0,0,0,0,0,0,0,0,0,3,1,0,2,0,0,0,1,0,0,0,0,0,0,0,1,0,0,0,0,2,5,0,1,0,6,0,0,0,8,0,0,0,0,0,1,0,22,9,0,31,33,0,0,0,0,0,0,0,0,0,0,0,0,0,0,0,20,4,0,2,0,0,0,0,0,0,0,0,0,0,0,0,0,0,0,20,4,0,2,0,0,0,0,0,0,1.692307692,1.692307692,1.692307692,1.692307692,1.692307692,1.692307692,1.692307692,1.692307692,1.692307692,1.692307692,1.692307692,1.692307692,1.692307692,0.153846154,0.153846154,0.153846154,0.153846154,0.153846154,0.153846154,0.153846154,0.153846154,0.153846154,0.43956044,0.725274725,0.725274725,0.725274725,0,0,0,0,0,0,0,0,0,0,0,0,0,0,0,0,0,0,0,0,0,0,0,0
Koppa,FOR,FOR,CT,,,x,x,x,x,x,,,,PG,PG-G,920,745,175,10th,,,,,,,,,,,0,1,1,1,0,0,0,0,0,0,0,0,0,0,0,0,0,0,0,0,0,0,0,0,0,0,0,0,0,0,0,0,0,0,0,0,0,0,0,0,0,0,0,0,0,0,0,0,1,0,0,0,0,0,0,0,0,0,0,0,0,0,0,0,0,0,0,0,0,0,0,0,0,0,0,0,0,0,1,0,1,1,0,0,0,0,0,0,0,0,0,0,0,0,0,0,0,0,0,0,0,0,0,0,0,0,0,0,0,0,0,0,0,0,0,0,0,0,0,0,0,0,0,0,0,0,0,0,0,0,0,0,0,0,0,0,0,0,0,0,0,0,0,0,0,0,0,0,0,0,0,0,0,0,0,0,0,0,0,0,0,0,0,0,0,0,0,0,0,0,0,0,0,0,0,0
